Entity,Code,Year,Gini coefficient,Primary energy consumption per capita (kWh/person),GDP per capita,Human Development Index (UNDP),"Average Total Years of Schooling for Adult Population (Lee-Lee (2016), Barro-Lee (2018) and UNDP (2018))",Net imports (TWh),Oil production per capita (kWh),Urban population (% of total population),Renewables per capita (kWh - equivalent)
Australia,AUS,2001,0.334647977,68528.65625,37275.99219,0.9,11.9,0,20794.69727,84.09999847,2.652581055
Australia,AUS,2003,0.335005161,69346.26563,39523.65625,0.904,11.8,0,17496.31445,84.34300232,2.784230713
Australia,AUS,2004,0.330574095,70647.3125,40887.72656,0.907,11.8,0,15083.72461,84.46299744,2.851721436
Australia,AUS,2008,0.354285083,71804.07813,44421.64063,0.92,12.3,0,13393.15918,84.94300079,2.643342041
Australia,AUS,2010,0.346567276,68104.71094,45400.22266,0.923,12.4,0,12933.29785,85.18199921,2.937223389
Australia,AUS,2014,0.343994314,66238.42188,47867,0.933,12.7,0,9169.69043,85.60199738,3.960939941
Australia,AUS,2016,0.336858105,66190,48845,0.938,12.9,0,7358.868652,85.80000305,4.758515137
Austria,AUT,1994,0.313223423,44036.74219,28780.75977,0.813,8.8,-0.82,1743.337646,61.86999893,13.78187012
Austria,AUT,1995,0.310592689,45935.61719,29621.68164,0.817,8.9,-2.47,1887.57605,61.59600067,14.47703223
Austria,AUT,1997,0.302298534,46716.61719,31173.04883,0.824,8.9,-0.77,1564.273071,61.04499817,13.99791797
Austria,AUT,2000,0.288371061,48508.01953,34796.25781,0.838,9,-1.37,1578.493896,60.21300125,15.98545801
Austria,AUT,2003,0.294660779,50178.69922,36063.12109,0.842,9.6,5.61,1579.755615,59.375,12.61518359
Austria,AUT,2004,0.297889898,50855.55078,36957.11328,0.849,9.8,3.08,1589.101196,59.09400177,14.05331348
Austria,AUT,2005,0.287154333,51512.47656,37642.76172,0.855,9.9,2.62,1423.785034,58.81299973,14.39663477
Austria,AUT,2006,0.295875829,50780.26563,38866.84766,0.861,10.1,6.34,1468.512573,58.5320015,14.51869238
Austria,AUT,2007,0.305799959,49533.32422,40305.27344,0.881,11.6,6.02,1499.765015,58.24900055,15.34572559
Austria,AUT,2008,0.304373858,50326.61719,40964.79297,0.884,11.5,4.86,1465.447388,57.9659996,15.77511914
Austria,AUT,2009,0.314962324,48583.73047,39463.65625,0.886,11.7,0.78,1469.535645,57.68299866,16.67515625
Austria,AUT,2010,0.302522631,49949.62109,40288.34766,0.895,11.8,2.44,1504.638672,57.39899826,15.78689941
Austria,AUT,2011,0.308016687,46531.44531,41446,0.897,11.8,8.2,1562.371704,57.11500168,14.29482813
Austria,AUT,2012,0.304763178,48707.64063,41565,0.899,11.8,2.8,1505.45105,57.14699936,17.50033594
Austria,AUT,2013,0.307531331,48070.70313,41375,0.897,11.9,7.27,1270.666016,57.33599854,16.9529375
Austria,AUT,2014,0.305356828,45829.26563,41338,0.901,12.1,9.27,1337.601074,57.52600098,16.79198047
Austria,AUT,2015,0.30532775,45546.71094,41294,0.903,12.1,10.06,1277.762573,57.71500015,15.92498828
Austria,AUT,2016,0.30797074,46702.40234,41445,0.906,12.1,7.16,1120.278564,57.90499878,16.65027148
Azerbaijan,AZE,2001,0.364549364,15481.16699,4498.794434,0.648,10.6,0.23,21251.61523,51.5870018,0.466258942
Azerbaijan,AZE,2002,0.252776662,15153.92188,4880.399902,0.657,10.6,1.48,21545.61133,51.78699875,0.712335327
Azerbaijan,AZE,2003,0.268328779,16231.97949,5408.522949,0.666,10.6,1.63,21389.41602,51.98799896,0.856708069
Azerbaijan,AZE,2004,0.266215925,18215.0625,5971.474609,0.674,10.6,1.37,21279.38086,52.18899918,0.939638916
Azerbaijan,AZE,2005,0.265549077,19539.17383,7553.626465,0.679,10.7,1.2,30256.81445,52.38899994,1.009199036
Bangladesh,BGD,2000,0.334065309,1066.294189,1485.309204,0.468,4.1,0,12.85875607,23.59000015,0.017349382
Bangladesh,BGD,2005,0.332012921,1364.82312,1925.606201,0.505,4.5,0,27.38490486,26.80900002,0.015495461
Bangladesh,BGD,2010,0.321303194,1697.713623,2599.208496,0.545,4.9,0,21.59936714,30.46199989,0.014683408
Bangladesh,BGD,2016,0.323852725,2339.986328,3604,0.597,5.2,3.82,16.29607582,35.08300018,0.018862574
Belarus,BLR,2000,0.311674836,25837.69336,9110.979492,0.683,8.9,7.24,2366.077637,69.97299957,0.008087679
Belarus,BLR,2001,0.305767237,25272.6543,9462.374023,0.689,9,4.6,2374.099609,70.45800018,0.008982778
Belarus,BLR,2002,0.303362442,26321.35938,9870.308594,0.696,9.1,4.89,2358.19165,70.93900299,0.008685276
Belarus,BLR,2003,0.288210118,26302.32813,10492.9873,0.705,9.1,5.01,2367.491699,71.41500092,0.008389465
Belarus,BLR,2004,0.264798851,29644.55273,11615.68555,0.715,9.2,3.25,2385.057129,71.88700104,0.010191837
Belarus,BLR,2005,0.275534107,29716.36328,12629.55762,0.725,9.3,4.04,2304.324707,72.35399628,0.011079582
Belarus,BLR,2006,0.28275443,31748.4668,13792.55371,0.741,10,4.36,2315.268799,72.81600189,0.01143351
Belarus,BLR,2007,0.296123799,31092.60742,14856.95605,0.757,10.6,4.34,2324.150635,73.27300262,0.015451781
Belarus,BLR,2008,0.278260446,31594.68164,16223.99707,0.774,11.3,1.84,2337.337402,73.72599792,0.023034369
Belarus,BLR,2009,0.276893063,29954.17969,16088.72461,0.784,11.9,4.47,2202.342773,74.17199707,0.033923916
Belarus,BLR,2010,0.285665998,32508.45313,17172.46094,0.792,12,2.7,2004.802368,74.67199707,0.042016685
Belarus,BLR,2011,0.271525517,31940.81641,17918,0.798,12,5.59,2005.922363,75.18800354,0.045686291
Belarus,BLR,2012,0.26526199,34543.48047,18251,0.803,12,7.6,2011.048584,75.6969986,0.054913548
Belarus,BLR,2013,0.265750525,31285.87891,18464,0.804,12,6.37,2004.17981,76.1989975,0.070118637
Belarus,BLR,2014,0.271766668,31271.41992,18822,0.807,12.1,3.32,2002.428833,76.69300079,0.064653015
Belarus,BLR,2015,0.256332263,28288.82813,18136,0.805,12.2,2.62,1739.690308,77.18099976,0.077151222
Belarus,BLR,2016,0.253066162,28885.49414,17628,0.805,12.3,3.02,2183.179688,77.66100311,0.100070885
Belgium,BEL,1992,0.249518773,63653.80469,28199.57422,0.825,9.5,0.13,0,96.54199982,0.187263809
Belgium,BEL,1995,0.284122689,65982.69531,29370.08789,0.852,9.7,4.07,0,96.77700043,0.201326309
Belgium,BEL,1997,0.268325629,70547.44531,30894.2832,0.862,9.8,3.27,0,96.9240036,0.176393036
Belgium,BEL,2000,0.331375589,72295.77344,33719.76953,0.873,10,4.33,0,97.1289978,0.313235199
Belgium,BEL,2003,0.281439485,73105.75781,34588.47656,0.882,10.4,6.41,0,97.29599762,0.355816315
Belgium,BEL,2004,0.30541503,72959.09375,35740.35156,0.885,10.5,7.78,0,97.34999847,0.44235022
Belgium,BEL,2005,0.293373291,71691.10938,36338.38281,0.889,10.7,6.3,0,97.40299988,0.621332642
Belgium,BEL,2006,0.280544964,71400.9375,37051.90234,0.896,11.1,10.16,0,97.45400238,0.863626465
Belgium,BEL,2007,0.292379744,71368.41406,38082.875,0.899,11.1,6.78,0,97.50499725,1.010042847
Belgium,BEL,2008,0.283740114,71968.73438,38117.34766,0.899,11,10.6,0,97.55500031,1.269811768
Belgium,BEL,2009,0.285513502,66802.71875,36998.64844,0.899,11.1,-1.84,0,97.60299683,1.684386963
Belgium,BEL,2010,0.283751912,70688.28125,37739.32813,0.903,11.1,0.55,0,97.65100098,2.191019287
Belgium,BEL,2011,0.280606956,65610.67969,38130,0.904,11.2,2.54,0,97.69799805,2.654602295
Belgium,BEL,2012,0.274910949,62501.61719,37906,0.905,11.2,9.94,0,97.7440033,3.162628662
Belgium,BEL,2013,0.276692012,63833.61719,37737,0.908,11.4,9.64,0,97.78900146,3.435921143
Belgium,BEL,2014,0.281341459,58982.37891,38228,0.909,11.5,17.6,0,97.83300018,3.569125977
Belgium,BEL,2015,0.277294625,59436.82813,38569,0.913,11.7,21,0,97.87599945,3.959334473
Belgium,BEL,2016,0.275809819,63713.29688,38766,0.915,11.8,6.18,0,97.91899872,4.050543457
Brazil,BRA,2001,0.584133277,12646.45215,9953.30957,0.691,5.8,37.85,4609.252441,81.5530014,4.946231934
Brazil,BRA,2002,0.581136431,12797.21289,10245.06934,0.698,6,36.56,5091.947266,81.87999725,5.215715332
Brazil,BRA,2003,0.575627919,12872.82031,10354.5957,0.695,6.2,38.19,5214.361816,82.20300293,5.44315918
Brazil,BRA,2004,0.564787516,13328.23633,10949.66016,0.698,6.2,37.38,5113.487793,82.52100372,5.635999023
Brazil,BRA,2005,0.563162962,13554.8584,11305.77148,0.7,6.3,39.04,5559.931152,82.83399963,5.848337891
Brazil,BRA,2006,0.556473171,13751.8457,11766.60547,0.702,6.4,41.16,5812.022461,83.14299774,5.919614258
Brazil,BRA,2007,0.549277443,14445.35352,12500.00684,0.705,6.5,38.83,5833.439941,83.44799805,6.410880371
Brazil,BRA,2008,0.5404328,14902.91797,13164.01172,0.716,6.7,42.21,6002.987793,83.74900055,6.462914063
Brazil,BRA,2009,0.536872336,14675.2627,13180.89063,0.718,6.8,39.98,6357.409668,84.04399872,6.795942383
Brazil,BRA,2011,0.529475926,16590.23242,14831,0.731,7.1,35.89,6714.114258,84.6309967,7.28478125
Brazil,BRA,2012,0.534398527,16756.18359,14985,0.736,7.3,40.26,6557.481445,84.92299652,7.048717285
Brazil,BRA,2013,0.526865403,17184.6582,15306,0.748,7.4,40.33,6372.383301,85.20899963,6.845783203
Brazil,BRA,2014,0.520331403,17439.01563,15258,0.752,7.4,33.78,7023.680664,85.49199677,6.775535645
Brazil,BRA,2015,0.519308287,16841.79492,15826,0.757,7.6,34.42,7518.902832,85.76999664,6.838362305
Brazil,BRA,2016,0.533428448,16332.56445,13873,0.758,7.8,40.79,7711.872559,86.04199982,7.110986328
Brazil,BRA,2017,0.5333405,16378.13574,13951.59961,0.759,7.8,36.35,7981.974609,86.30899811,7.088568359
Bulgaria,BGR,1992,0.30714308,28380.22852,7846.116211,0.691,9,2.71,80.01963806,67.05599976,0.703089233
Bulgaria,BGR,1994,0.243219703,29785.18359,8212.296875,0.691,9.2,-0.07,81.69894409,67.55699921,0.512206665
Bulgaria,BGR,1995,0.32772338,32420.38281,8566.602539,0.696,9.3,-0.16,75.11840057,67.78199768,0.816592041
Bulgaria,BGR,1997,0.263782426,31233.53125,7927.429199,0.704,9.4,-3.55,45.99037552,68.23100281,0.991688171
Bulgaria,BGR,2001,0.326821614,28335.22266,8832.291016,0.722,9.9,-6.93,47.85862732,69.16600037,0.64344104
Bulgaria,BGR,2003,0.289179044,29162.54688,10080.7832,0.738,10.1,-5.49,48.39173508,69.8789978,1.125593384
Bulgaria,BGR,2006,0.357025734,31853.125,12706.18164,0.756,10.4,-7.74,82.484375,70.93199921,1.587695068
Bulgaria,BGR,2007,0.281363414,31052.92773,13785.22754,0.764,10.5,-4.47,83.07600403,71.27799988,1.090119385
Bulgaria,BGR,2008,0.335731274,30765.21875,14761.71484,0.771,10.5,-5.34,83.88587189,71.62200165,1.107045898
Bulgaria,BGR,2009,0.338231988,27105.86328,14363.25879,0.774,10.6,-5.07,84.22280121,71.96299744,1.389775513
Bulgaria,BGR,2010,0.356535721,28434.56641,14686.46094,0.779,10.6,-8.45,84.77106476,72.30200195,2.16560376
Bulgaria,BGR,2011,0.342786077,30401.60938,15112,0.782,10.7,-10.66,85.30366516,72.63800049,1.474467896
Bulgaria,BGR,2012,0.360139231,29048.72266,15204,0.786,10.8,-8.31,86.05807495,72.97499847,1.995635864
Bulgaria,BGR,2013,0.365736454,27069.13867,15420,0.792,10.9,-6.18,86.3399353,73.31300354,2.596720947
Bulgaria,BGR,2014,0.374185684,29087.01758,15711,0.797,10.9,-9.46,86.86953735,73.65100098,2.776006592
Bulgaria,BGR,2015,0.385673472,31124.16992,16373,0.807,11.8,-10.58,87.42345428,73.98999786,3.297616455
Bulgaria,BGR,2016,0.405910637,29674.83398,17037,0.81,11.8,-6.37,88.24875641,74.32900238,2.685540039
Canada,CAN,2000,0.333439091,119244.2891,36942.5625,0.867,11,-35.83,47558.85938,79.47799683,35.49642188
Canada,CAN,2004,0.337435608,118435,39491.57031,0.887,12,-10.53,53061.89063,80.04499817,31.77365039
Canada,CAN,2007,0.338410079,118914.9063,41806.86328,0.897,12.4,-30.95,54977.98438,80.39600372,32.93266797
Canada,CAN,2010,0.335926034,109963.6719,41209.42578,0.902,12.6,-25.7,54707.59766,80.93699646,30.55855859
Canada,CAN,2012,0.335390108,111948.5,42445,0.908,12.8,-46.98,60915.05859,81.13700104,32.4392207
Canada,CAN,2013,0.337989822,113450.5938,42994,0.911,12.9,-50.88,64386.32031,81.1780014,32.83467578
Canada,CAN,2014,0.33157606,112576.5938,43607,0.918,13,-47.33,68407.45313,81.21800232,31.68778711
Canada,CAN,2015,0.337464825,112164.8594,43619,0.92,13.1,-62.18,69752.375,81.25900269,32.26326367
Canada,CAN,2016,0.327018237,109537.2656,43745,0.922,13.1,-63.8,69954.95313,81.30000305,32.48064844
Canada,CAN,2017,0.333082063,110257.7578,44591.64063,0.926,13.3,-62.15,74919.10938,81.34999847,32.71748633
Chile,CHL,2000,0.52772009,20250.14648,15211.62305,0.759,8.8,1.19,392.2396545,86.07299805,3.963642578
Chile,CHL,2003,0.51489868,20346.80664,15809.17773,0.774,9.4,1.7,384.835083,86.66500092,4.478496582
Chile,CHL,2006,0.472948164,22996.17383,17920.80273,0.788,9.5,2.29,260.1882629,86.84200287,5.189468262
Chile,CHL,2009,0.46991219,22126.14258,18184.48047,0.804,9.9,1.35,240.2570038,87.01699829,4.818505371
Chile,CHL,2011,0.460483497,23633.05273,19705,0.814,9.8,0.73,379.7875061,87.13200378,4.136333984
Chile,CHL,2013,0.458311061,24012.47656,21135,0.828,9.9,0,335.223877,87.2460022,4.426079102
Chile,CHL,2015,0.443713277,23565.69336,21589,0.84,10.3,0,240.3343353,87.36000061,5.049579102
China,CHN,2002,0.419857242,10387.78223,5343.112305,0.611,6.6,-8.4,1484.413818,38.42499924,0.652403564
China,CHN,2005,0.409007668,15800.6748,6626.591797,0.647,6.9,-6.18,1584.890137,42.52199936,0.877645508
China,CHN,2008,0.429650385,19222.50781,8190.112305,0.685,7,-12.8,1636.275391,46.53900146,1.397220093
China,CHN,2010,0.437449533,21225.85742,9658.418945,0.706,7.3,-13.51,1724.893677,49.22600174,1.616560791
China,CHN,2011,0.424092243,22763.25977,10221,0.714,7.4,-12.74,1714.090942,50.51100159,1.612595947
China,CHN,2012,0.422371658,23566.10938,10680,0.722,7.5,-10.78,1743.214966,51.76499939,2.008444458
China,CHN,2013,0.397363984,24318.01953,11328,0.729,7.5,-11.23,1754.332642,53.01300049,2.178753662
China,CHN,2014,0.391776523,24892.54883,11944,0.738,7.6,-11.41,1757.056152,54.25899887,2.538375488
China,CHN,2015,0.385953024,25079.48438,12244,0.743,7.7,-12.44,1773.704712,55.5,2.705448975
China,CHN,2016,0.384805186,25371.35352,12569,0.748,7.8,-12.72,1642.330688,56.73600006,2.925557373
China,CHN,2017,0.390757759,26116.52148,12733.93164,0.752,7.8,-13.05,1567.333496,57.95999908,3.170237305
Colombia,COL,2000,0.58682893,7915.139648,8496.791992,0.653,6.5,0.06,10647.81836,73.95700073,2.339403809
Colombia,COL,2001,0.574830396,7672.096191,8528.033203,0.656,6.5,-0.17,9190.648438,74.3789978,2.348005371
Colombia,COL,2002,0.560189005,7537.717773,8630.541992,0.658,6.5,-0.61,8661.748047,74.79699707,2.464272705
Colombia,COL,2003,0.535864778,7689.975098,8855.217773,0.657,6.5,-1.11,7988.354492,75.21099854,2.567615967
Colombia,COL,2004,0.549810497,7722.381348,9211.279297,0.671,6.6,-1.63,7711.981934,75.62000275,2.664642578
Colombia,COL,2005,0.539133393,7642.45459,9524.722656,0.683,6.8,-1.74,7557.231934,76.02400208,2.678949707
Colombia,COL,2008,0.553232461,8925.827148,10846.7373,0.71,7.3,-1.4,8156.246582,77.20400238,3.02955127
Colombia,COL,2009,0.542964151,8651.745117,10894.10254,0.715,7.3,-1.06,9179.338867,77.58699799,2.714722412
Colombia,COL,2010,0.546254766,8998.808594,11191.68652,0.719,7.4,-0.79,10644.63086,77.96399689,2.707924561
Colombia,COL,2011,0.534902914,9216.000977,11788,0.725,7.5,-1.53,12277.89844,78.33499908,3.180965332
Colombia,COL,2012,0.526454824,9762.677734,12123,0.725,7.6,-0.71,12585.84082,78.7009964,3.099272705
Colombia,COL,2013,0.526326364,9729.257813,12568,0.735,7.8,-1.35,13304.38086,79.06099701,2.858952881
Colombia,COL,2014,0.52551015,10114.83887,12972,0.738,8,-0.8,12916.39844,79.41500092,2.869042236
Colombia,COL,2015,0.509904209,10109.52734,13218,0.742,8.1,-0.41,12961.9707,79.76399994,2.832853271
Colombia,COL,2016,0.505706771,10472.01367,13326,0.747,8.3,0.33,11295.08105,80.10800171,2.90167041
Colombia,COL,2017,0.497154848,10425.19043,13358.03223,0.747,8.3,0.07,10695.99707,80.44599915,3.422491455
Croatia,HRV,1998,0.287483605,21977.38477,12476.04688,0.731,8.6,2.79,5048.925781,52.9679985,3.967794922
Croatia,HRV,1999,0.277069422,22908.73047,12579.87695,0.739,9,1.62,4187.026367,53.19800186,4.863124023
Croatia,HRV,2000,0.313256437,21804.08398,13244.54102,0.75,9.4,3.42,4056.698242,53.4280014,4.309919922
Croatia,HRV,2001,0.311021619,23029.95313,13817.68066,0.759,9.8,2.52,3840.463867,53.64199829,4.785822266
Croatia,HRV,2004,0.296774046,25215.63086,16628.57422,0.778,9.7,3,3420.032715,54.14699936,5.017678711
Croatia,HRV,2008,0.337087724,24782.03516,20717.31641,0.803,10.3,6.01,2499.23584,54.81900024,3.773431396
Croatia,HRV,2009,0.331833481,24533.36719,19501.58789,0.802,10.6,5,2773.829834,54.98699951,4.819304688
Croatia,HRV,2010,0.273541012,25013.61133,19511.34961,0.808,10.8,3.97,2638.557373,55.15499878,5.965839844
Croatia,HRV,2011,0.322574343,21899.20703,19813,0.815,11,7.15,2399.256836,55.3219986,3.388380127
Croatia,HRV,2012,0.324751504,20390.49023,19441,0.816,11,7.43,2156.767822,55.50600052,3.368440186
Croatia,HRV,2013,0.319954852,22464.3418,19298,0.821,11,3.87,2184.466797,55.70600128,5.924669434
Croatia,HRV,2014,0.321071489,22561.78516,19284,0.824,11.1,3.95,2122.235352,55.92300034,6.34470752
Croatia,HRV,2015,0.311153148,21503.58594,19698,0.827,11.2,6.79,2049.165039,56.15499878,4.809266113
Croatia,HRV,2016,0.308997256,22509.13281,20376,0.828,11.3,5.53,2128.405518,56.40299988,5.372979004
Cyprus,CYP,2004,0.300894008,30906.625,25355.24023,0.828,10.5,0,0,68.41000366,0.002152591
Cyprus,CYP,2005,0.302594562,34051.03516,26164.20898,0.831,10.7,0,0,68.26799774,0.002565166
Cyprus,CYP,2006,0.311259618,32914.07813,27142.01758,0.837,10.9,0,0,68.125,0.004176598
Cyprus,CYP,2007,0.311132723,32891.17188,28109.99609,0.846,11.2,0,0,67.98200226,0.009745783
Cyprus,CYP,2008,0.317086618,33151.21094,28736.97461,0.852,11.3,0,0,67.83899689,0.044123951
Cyprus,CYP,2009,0.321088469,31876.79883,27735.0332,0.856,11.3,0,0,67.69499969,0.089565186
Cyprus,CYP,2010,0.314579286,30608.94727,27630.10352,0.85,11.5,0,0,67.5510025,0.19520369
Cyprus,CYP,2011,0.326255244,29982.24609,27272,0.853,11.6,0,0,67.40599823,0.456586395
Cyprus,CYP,2012,0.343124334,27844.6582,26011,0.852,11.8,0,0,67.26100159,0.640670776
Cyprus,CYP,2013,0.370419929,24721.82422,24519,0.853,12,0,0,67.13700104,0.799118225
Cyprus,CYP,2014,0.35565653,24554.77734,24411,0.856,11.9,0,0,67.03099823,0.768803528
Cyprus,CYP,2015,0.33966378,25137.64063,24963,0.86,11.9,0,0,66.94599915,0.949278198
Cyprus,CYP,2016,0.328917954,27121.20703,25577,0.867,12.1,0,0,66.8809967,0.994393005
Czechia,CZE,1993,0.266047934,46253.01172,12974.19727,0.735,8.9,-2.1,134.8114166,74.90100098,0.458899109
Czechia,CZE,1996,0.257990097,48590.07422,15386.32031,0.768,9.6,0,275.3987427,74.51300049,0.652583435
Czechia,CZE,2002,0.265550951,47474.90234,18431.02734,0.813,11.1,-11.39,346.7024536,73.80899811,0.86374585
Czechia,CZE,2004,0.2753318,51506.8125,20555.03516,0.825,11.6,-15.72,395.8886719,73.67099762,0.752120117
Czechia,CZE,2005,0.269460429,50629.49609,22128.58008,0.835,11.9,-12.63,399.7838745,73.60199738,0.872021301
Czechia,CZE,2006,0.267441556,51408.69922,23888.16406,0.843,12.1,-12.63,344.0808411,73.53299713,1.001234436
Czechia,CZE,2007,0.259986894,50557.53906,25382.80664,0.85,12.2,-16.15,321.0154419,73.46299744,0.968227112
Czechia,CZE,2008,0.262802722,49269.00391,26186.04492,0.854,12.2,-11.47,314.3861389,73.39399719,1.061065674
Czechia,CZE,2009,0.261566746,46991.51172,25093.86328,0.857,12.3,-13.64,269.5951538,73.3239975,1.314023071
Czechia,CZE,2010,0.266235138,48744.48438,25922.39453,0.862,12.4,-14.95,226.6969452,73.25499725,1.635604736
Czechia,CZE,2011,0.263813431,47534.74609,26725,0.865,12.5,-17.04,194.1541595,73.18499756,2.031008179
Czechia,CZE,2012,0.261100175,47230.23047,26474,0.865,12.4,-17.12,189.0615234,73.1969986,2.263584961
Czechia,CZE,2013,0.264739033,46326.92188,26338,0.874,12.6,-16.89,188.451889,73.29000092,2.596220459
Czechia,CZE,2014,0.259232209,45313.10156,27024,0.879,12.8,-16.3,188.3704834,73.38400269,2.55812207
Czechia,CZE,2015,0.25867433,44400.20313,28194,0.882,12.7,-12.51,177.8760681,73.47699738,2.619253662
Czechia,CZE,2016,0.254063329,43724.47266,28823,0.885,12.7,-10.97,146.5276489,73.56999969,2.599756348
Denmark,DNK,1992,0.246938104,42179.30859,30573.57422,0.809,9.3,3.75,17252.38672,84.89800262,0.860822205
Denmark,DNK,1995,0.229558964,46557.08594,33356.14063,0.831,9.9,-0.79,20145.45703,84.97899628,1.077015137
Denmark,DNK,2000,0.237663197,44282.13672,39021.17578,0.863,10.7,0.66,38623.125,85.09999847,3.142116211
Denmark,DNK,2003,0.256316711,47379.63281,39983.14453,0.894,12.8,-8.55,38716.32813,85.36000061,4.48344043
Denmark,DNK,2004,0.249127965,44727.51172,41178.5625,0.898,12.8,-2.87,41023.09375,85.56600189,5.246144043
Denmark,DNK,2005,0.251868891,43039.08203,42264.62891,0.903,12.8,1.37,39720.14453,85.85600281,5.375083008
Denmark,DNK,2006,0.25913077,47175.1875,44025.48438,0.905,12.8,-6.93,35970.44141,86.09799957,5.005683105
Denmark,DNK,2007,0.26184259,44556.43359,44481.46875,0.904,12.5,-0.95,32251.60742,86.29299927,5.535040527
Denmark,DNK,2008,0.252465008,42672.13281,44246.39844,0.909,12.9,1.45,29690.88281,86.48699951,5.379078125
Denmark,DNK,2009,0.267015601,39955.89453,42090.17188,0.906,12.7,0.33,27153.55078,86.65399933,5.325469727
Denmark,DNK,2010,0.271985592,41885.33203,42932.39844,0.91,12.7,-1.14,25451.81445,86.79499817,6.555504395
Denmark,DNK,2011,0.273117461,39400.79688,43575,0.922,12.7,1.32,22790.58984,86.95700073,7.346944824
Denmark,DNK,2012,0.277907505,36340.11719,43510,0.924,12.8,5.21,20686.00586,87.14199829,7.607458984
Denmark,DNK,2013,0.285437629,37775.44922,43733,0.931,13.2,1.08,17910.51367,87.29199982,8.07573877
Denmark,DNK,2014,0.283528792,36420.47656,44241,0.928,12.8,2.85,16693.73828,87.41000366,8.971712891
Denmark,DNK,2015,0.281774465,35042.19141,44635,0.926,12.5,5.91,15721.09473,87.52600098,9.342229492
Denmark,DNK,2016,0.281874407,35222.25391,44836,0.928,12.6,5.06,14100.08594,87.64199829,9.056866211
Denmark,DNK,2017,0.287466614,35308.00391,45455.55469,0.929,12.6,4.56,13668.37793,87.75700378,10.6987207
Ecuador,ECU,2000,0.563785176,8211.325195,6908.243164,0.67,7,0.02,19802.67969,60.29899979,1.774789917
Ecuador,ECU,2003,0.535286921,7973.821289,7468.503418,0.682,7.1,1.05,19543.34961,61.31600189,1.557561768
Ecuador,ECU,2004,0.539319908,8388.692383,7958.920898,0.688,7.2,1.61,24235.0625,61.51399994,1.571613525
Ecuador,ECU,2005,0.530584801,8731.824219,8256.777344,0.693,7.3,1.71,24038.25977,61.71099854,1.449186279
Ecuador,ECU,2006,0.522514048,9081.885742,8521.55957,0.696,7.3,1.57,23802.10352,61.9070015,1.475952759
Ecuador,ECU,2007,0.533634508,9390.552734,8633.583984,0.698,7.3,0.82,22335.02344,62.10400009,1.836536133
Ecuador,ECU,2008,0.497934696,9857.433594,9103.87207,0.711,7.9,0.46,21753.79102,62.29999924,2.22950708
Ecuador,ECU,2009,0.485059901,9462.651367,9081.370117,0.712,7.9,1.1,20556.92188,62.49499893,1.791208374
Ecuador,ECU,2010,0.488044339,10338.62207,9327.212891,0.715,7.9,0.86,20233.6543,62.68999863,1.647612671
Ecuador,ECU,2011,0.458774819,10800.67871,9985,0.721,8,1.28,20453.57422,62.85100174,2.07360498
Ecuador,ECU,2012,0.461219409,11240.29395,10398,0.726,8.1,0.23,20366.35938,62.98799896,2.230083984
Ecuador,ECU,2013,0.468649031,11428.26465,10760,0.734,8.3,0.63,20911.29102,63.125,1.985942383
Ecuador,ECU,2014,0.449950496,11820.78418,11036,0.742,8.5,0.79,21748.14063,63.26100159,2.042175415
Ecuador,ECU,2015,0.459542949,11599.17871,10905,0.743,8.4,0.47,20881.60938,63.39799881,2.278105713
Ecuador,ECU,2016,0.450200688,11363.92773,10527,0.749,8.7,-0.32,20785.22266,63.5340004,2.685071777
Ecuador,ECU,2017,0.446730295,11591.43945,10637.27734,0.752,8.7,-0.19,19730.81445,63.66999817,3.284533691
Egypt,EGY,2004,0.318475454,9195.561523,7661.859863,0.628,5.4,-0.7,5462.930176,42.98099899,0.518137085
Egypt,EGY,2008,0.311024361,10445.49316,9698.016602,0.658,6.2,-0.9,5060.901367,43.05799866,0.565543701
Egypt,EGY,2010,0.301914577,10815.5918,10719.29102,0.665,6.5,-1.44,4922.581055,43.01900101,0.482561279
Egypt,EGY,2012,0.282922028,11284.31152,10767,0.675,6.8,-0.4,4673.15332,42.94599915,0.471716888
Egypt,EGY,2015,0.318233581,10511.61426,11159,0.691,7.1,-0.69,4457.499023,42.78499985,0.455032379
Egypt,EGY,2017,0.315339528,11052.19531,11619.68848,0.696,7.2,-0.34,3880.34082,42.70500183,0.427718903
Estonia,EST,1993,0.395034482,45419.49219,12207.18457,0.712,10,-1.6,0,70.6740036,0
Estonia,EST,1995,0.300647959,43380.74219,12881.27832,0.727,10.5,-0.76,0,70.30000305,0.013374961
Estonia,EST,1998,0.376430764,41476.96484,15593.00488,0.763,11.2,-0.39,0,69.73300171,0.027238161
Estonia,EST,2000,0.357843981,39562.89844,16806.97461,0.78,11.7,-0.93,0,69.36799622,0.040222958
Estonia,EST,2001,0.360124548,41535.44922,17696.60938,0.79,11.8,-0.62,0,69.24199677,0.040000118
Estonia,EST,2002,0.357915744,41661.60938,18589.15039,0.799,11.9,-0.69,0,69.11599731,0.077941628
Estonia,EST,2003,0.349096243,45760.43359,19771.74219,0.806,11.9,-1.9,0,68.98899841,0.100803352
Estonia,EST,2004,0.353781887,47009.63672,20803.75781,0.814,12,-1.79,0,68.86199951,0.135118546
Estonia,EST,2005,0.334489426,47554.75781,22518.54102,0.825,12.1,-1.61,0,68.73500061,0.238022964
Estonia,EST,2006,0.336710717,47194.24609,24578.81641,0.832,12.2,-0.75,0,68.60700226,0.280310852
Estonia,EST,2007,0.311801582,54865.39844,26177.87109,0.839,12.2,-2.42,0,68.47899628,0.323173737
Estonia,EST,2008,0.319170781,50634.77344,24429.02148,0.841,12.3,-0.94,0,68.35099792,0.42813028
Estonia,EST,2009,0.314436122,43945.47656,20538.04883,0.839,12.4,0.08,0,68.22299957,1.224855469
Estonia,EST,2010,0.320012011,54912.17578,20713.42578,0.845,12.5,-3.25,0,68.09400177,2.411727295
Estonia,EST,2011,0.324916332,54954.68359,21997,0.853,12.5,-3.56,0,67.96499634,2.709942627
Estonia,EST,2012,0.329157605,55535.67969,23026,0.859,12.5,-2.24,0,67.97399902,3.401984375
Estonia,EST,2013,0.350797851,58653.87891,23436,0.862,12.6,-3.59,0,68.12200165,2.763779053
Estonia,EST,2014,0.345915563,56202.73438,24146,0.864,12.6,-2.75,0,68.26899719,3.0990896
Estonia,EST,2015,0.326703299,52014.26172,24493,0.866,12.7,-0.92,0,68.41600037,3.422008545
Estonia,EST,2016,0.311968259,53594.15625,24857,0.868,12.6,-2.04,0,68.56300354,3.444625732
Finland,FIN,1991,0.228797617,65823.875,25174.89844,0.787,7.7,7.29,0,79.84300232,10.95554883
Finland,FIN,1995,0.23459137,64919.42969,25761.625,0.816,8.6,8.41,0,80.96299744,11.58895898
Finland,FIN,2000,0.271566266,69279.82031,32689.76953,0.858,9.3,11.88,0,82.18299866,13.65008691
Finland,FIN,2003,0.276866041,75609.36719,34607.21875,0.87,9.6,4.85,0,82.63800049,11.03418945
Finland,FIN,2004,0.278977659,75075.3125,35888.61328,0.891,11.9,4.87,0,82.77200317,14.64659766
Finland,FIN,2005,0.276195937,67984.71875,36787.25781,0.895,12,17.01,0,82.90499878,13.23235645
Finland,FIN,2006,0.279990754,72729.67188,38160.70313,0.899,12,11.4,0,83.03700256,12.75306738
Finland,FIN,2007,0.282855715,72236.58594,39998.52734,0.901,12,12.56,0,83.16799927,13.63039063
Finland,FIN,2008,0.278382083,69376.1875,40129.65234,0.904,12.2,12.77,0,83.2990036,15.55953027
Finland,FIN,2009,0.274554457,64030.05469,36662.61328,0.899,12.2,12.09,0,83.42900085,12.28125879
Finland,FIN,2010,0.27714088,69293.14844,37615.11328,0.903,12.3,10.5,0,83.76999664,13.61412305
Finland,FIN,2011,0.276428194,64984.72266,38432,0.907,12.3,13.85,0,84.31300354,13.61787305
Finland,FIN,2012,0.270966304,62920.78906,37704,0.908,12.4,17.44,0,84.84100342,15.71475195
Finland,FIN,2013,0.271939589,62908.94141,37246,0.912,12.3,15.71,0,85.125,14.24753125
Finland,FIN,2014,0.26776976,60472.92969,36858,0.914,12.4,17.97,0,85.17500305,14.95388672
Finland,FIN,2015,0.271020423,60069.14063,36836,0.915,12.4,16.34,0,85.22499847,16.90208594
Finland,FIN,2016,0.270784844,60837.54297,37239,0.918,12.4,18.95,0,85.27500153,16.17470703
France,FRA,1994,0.323305249,48868.04688,28907.97656,0.818,8.4,-63.17,718.7088013,74.74299622,4.184817871
France,FRA,2000,0.310860624,52652.79297,33409.67969,0.849,9.8,-69.48,365.466217,75.8710022,3.551199463
France,FRA,2003,0.314111173,52200.51172,34292.03125,0.857,10.2,-66.41,292.3960571,76.63200378,3.112289551
France,FRA,2004,0.306473396,52241.74609,35093.82422,0.86,10.3,-61.91,280.9689636,76.88300323,3.11899707
France,FRA,2005,0.29834014,51577.12891,35495.46484,0.869,10.4,-60.33,242.4071503,77.12999725,2.767285156
France,FRA,2006,0.296910916,50840.27734,36166.16016,0.874,10.6,-63.34,227.2607117,77.3769989,3.035028564
France,FRA,2007,0.324277274,49658.80078,36845.68359,0.876,10.7,-56.81,209.046936,77.6210022,3.296705078
France,FRA,2008,0.329964768,49541.12109,36761.79297,0.878,10.7,-47.99,205.0747833,77.86799622,3.78111084
France,FRA,2009,0.326612694,46527.65234,35534.92578,0.878,10.8,-25.93,189.8667603,78.11699677,3.585630127
France,FRA,2010,0.337204815,47674.25,36086.72656,0.882,10.9,-30.71,188.193634,78.3690033,3.918962158
France,FRA,2011,0.332947505,45574.32422,36691,0.884,10.9,-56.41,184.641098,78.62200165,3.274751221
France,FRA,2012,0.331148587,45356.55469,36571,0.886,11,-44.52,168.5009613,78.87799835,4.144393066
France,FRA,2013,0.325126351,45605.46484,36632,0.889,11.2,-48.46,164.7293701,79.13500214,4.770074219
France,FRA,2014,0.32262184,43488.17578,36527,0.894,11.4,-67.19,157.4425964,79.39399719,4.548549316
France,FRA,2015,0.327043351,43569.07813,36827,0.898,11.5,-64.06,165.4458008,79.65499878,4.42112793
France,FRA,2016,0.319237441,42694.41797,37124,0.899,11.5,-41.5,162.882019,79.91699982,4.685817871
Germany,DEU,1991,0.294398475,51460.5625,26769.96094,0.809,8.9,-0.57,566.7006836,73.26899719,0.654041992
Germany,DEU,1992,0.291688769,50139.80469,27385.05469,0.814,9.1,-5.32,501.2463379,73.36000061,0.76235321
Germany,DEU,1993,0.28675587,49628.23047,27250.70117,0.824,9.3,0.87,481.2070923,73.49700165,0.785884888
Germany,DEU,1994,0.292444552,48917.83594,28140.05664,0.829,9.5,2.34,459.7467346,73.70999908,0.850990967
Germany,DEU,1995,0.289876628,48987.68359,28868.94531,0.834,9.7,4.82,461.3564758,73.92199707,0.925470459
Germany,DEU,1996,0.283749419,50487.71094,29349.98242,0.839,9.8,-5.27,464.1329956,74.13300323,0.849402466
Germany,DEU,1997,0.283144724,49793.91406,30186.94531,0.844,10,-2.35,436.4957886,74.34200287,0.898041565
Germany,DEU,1998,0.282861958,49379.60156,31129.58398,0.85,10.2,-0.64,459.8601685,74.5510025,0.973057129
Germany,DEU,1999,0.291181605,48698.40625,32087.60352,0.855,10.3,1.04,428.7502747,74.75800323,1.084798828
Germany,DEU,2000,0.289400222,48994.30078,33367.28516,0.868,11.2,3.06,498.7854309,74.96499634,1.414520142
Germany,DEU,2001,0.300966951,49878.51953,34260.28906,0.877,11.7,3.66,505.2398987,75.16999817,1.467010864
Germany,DEU,2002,0.299411363,49202.38672,34590.92969,0.883,12.1,10,535.8604736,75.37400055,1.741091431
Germany,DEU,2003,0.300628368,49139.27734,34716.44141,0.889,12.5,-3.27,562.052002,75.57700348,1.789647461
Germany,DEU,2004,0.302880037,49112.875,35528.71484,0.897,12.9,-2.62,529.1055908,75.77899933,2.218230957
Germany,DEU,2005,0.318065533,48560.02734,36205.57422,0.903,13.3,-4.57,520.3585815,75.98000336,2.529209473
Germany,DEU,2006,0.311941216,49862.19531,38014.13672,0.911,13.6,-16.98,526.078064,76.17900085,3.004847656
Germany,DEU,2007,0.313695959,47902.66406,39752.20703,0.915,13.7,-16.56,517.6908569,76.37799835,3.666389893
Germany,DEU,2008,0.309044437,48536.66797,40715.43359,0.917,13.7,-20.1,470.884613,76.57499695,3.794415771
Germany,DEU,2009,0.304794277,45638.83984,38962.9375,0.917,13.8,-12.27,431.3470459,76.77100372,3.858435059
Germany,DEU,2010,0.30319774,47597.33984,41109.58203,0.921,13.8,-14.95,384.6320801,76.96600342,4.184981445
Germany,DEU,2011,0.30847554,45891.50391,43189,0.926,13.9,-3.77,400.1895752,77.16000366,4.849338867
Germany,DEU,2012,0.310557889,46459.08984,43320,0.928,14,-20.54,400.7061462,77.16999817,5.528491699
Germany,DEU,2013,0.314524666,47656.90234,43413,0.928,14,-32.19,403.0294495,77.18000031,5.749011719
Germany,DEU,2014,0.308718557,45525.26953,43922,0.93,14,-33.88,374.5817261,77.19000244,6.045230469
Germany,DEU,2015,0.315833424,46198.07422,44293,0.933,14.1,-48.28,372.8468018,77.19999695,6.848191406
Germany,DEU,2016,0.315743259,46725.08984,44689,0.934,14.1,-50.52,360.5985413,77.22399902,6.825280273
Greece,GRC,1995,0.369755724,29481.54883,17148.19727,0.768,8.2,0.8,555.6201782,72.1190033,0.980777466
Greece,GRC,2000,0.342391949,33662.57422,20965.33203,0.796,8.6,-0.01,307.9247437,72.71600342,1.105725464
Greece,GRC,2003,0.32762338,35504.08984,24380.06641,0.825,9.3,2.09,178.7623291,73.68900299,1.525838623
Greece,GRC,2004,0.3359099,35445.48438,25780.38477,0.835,9.6,2.82,172.2097473,74.07299805,1.521045898
Greece,GRC,2005,0.345982328,35600.19922,26091.52344,0.845,9.8,3.78,150.8342285,74.45200348,1.637724976
Greece,GRC,2006,0.351238048,36772.04688,27731.11133,0.851,9.9,4.2,104.2790756,74.82700348,1.95698999
Greece,GRC,2007,0.339535755,37709.89453,28822.91602,0.849,10,4.36,71.12326813,75.1989975,1.174167603
Greece,GRC,2008,0.335893624,36872.10156,28907.92578,0.857,10.1,5.61,57.62611389,75.56800079,1.470142212
Greece,GRC,2009,0.336190574,35830.66016,27839.89844,0.858,10.1,4.37,67.60073853,75.93199921,2.09370166
Greece,GRC,2010,0.341033282,34374.14453,26517.46484,0.856,10.3,5.71,136.0380707,76.29199982,2.689636963
Greece,GRC,2011,0.34849412,33813.90234,24349,0.852,10.3,3.23,102.5803299,76.64900208,2.08267749
Greece,GRC,2012,0.362510008,31966.3418,22693,0.854,10.3,1.78,98.52171326,77.0039978,2.59019873
Greece,GRC,2013,0.361273606,30180.49609,22118,0.856,10.4,1.89,73.64467621,77.35500336,3.650467041
Greece,GRC,2014,0.358095055,28477.06641,22344,0.864,10.5,8.82,68.87752533,77.70200348,3.092565674
Greece,GRC,2015,0.360002595,28922.80273,22442,0.866,10.6,9.61,64.09153748,78.04599762,3.762378174
Greece,GRC,2016,0.349586399,28499.70313,22574,0.868,10.8,8.8,190.1338196,78.38700104,3.769156006
Hungary,HUN,1991,0.296339535,29120.61719,9255.90918,0.701,9,7.35,2784.172607,65.71299744,0.062748768
Hungary,HUN,1993,0.279409738,27147.23633,9294.463867,0.719,9.7,2.47,2694.584473,65.46099854,0.05940274
Hungary,HUN,1994,0.332893951,27376.18359,9772.223633,0.733,10,2.03,2974.938965,65.33499908,0.059832897
Hungary,HUN,1998,0.263819211,28154.88477,11663.02832,0.754,10.3,0.74,2423.132813,64.82900238,0.063218895
Hungary,HUN,1999,0.27635403,28162.16992,12316.72363,0.761,10.2,1.06,2285.557129,64.70200348,0.072463539
Hungary,HUN,2000,0.272205813,27416.49805,13129.27344,0.769,10.2,3.44,2443.452148,64.57499695,0.071800484
Hungary,HUN,2001,0.269244844,28156.10742,13933.56152,0.777,10.3,3.17,2408.100342,64.66999817,0.075816055
Hungary,HUN,2002,0.268378903,27922.36328,14899.30664,0.784,10.3,4.26,1911.026245,65.08100128,0.069167229
Hungary,HUN,2003,0.309257555,28042.35742,15829.89941,0.792,10.5,6.94,1950.303833,65.48899841,0.100724068
Hungary,HUN,2004,0.300224274,28564.54883,16999.00586,0.795,10.6,7.47,2137.626465,65.89600372,0.288928772
Hungary,HUN,2005,0.301910202,30614.95313,18140.61719,0.804,10.9,6.23,1876.723267,66.36499786,0.584944702
Hungary,HUN,2006,0.289589177,30247.68359,19253.0625,0.811,11.1,7.21,1793.03833,66.89499664,0.466060394
Hungary,HUN,2007,0.311550914,29943.51563,19763.79102,0.813,11.3,3.99,1541.771851,67.42099762,0.588004883
Hungary,HUN,2008,0.275140432,29619.70703,20380.63086,0.818,11.5,3.9,1591.480103,67.94300079,0.736989563
Hungary,HUN,2009,0.269596398,27370.49414,19461.07031,0.818,11.7,5.51,1576.039063,68.45999908,0.905445374
Hungary,HUN,2010,0.294442259,27971.11914,20036.33398,0.823,11.9,5.2,1404.328613,68.91100311,0.938798279
Hungary,HUN,2011,0.291583423,27210.41602,20886,0.827,12,6.64,1257.410156,69.35800171,0.836364624
Hungary,HUN,2012,0.308041866,25462.55664,20631,0.83,12.2,7.97,1259.734131,69.6780014,0.811365417
Hungary,HUN,2013,0.315041022,24210.47656,21126,0.835,12,11.88,1246.234375,69.95300293,0.859612122
Hungary,HUN,2014,0.309176611,24306.55469,22040,0.833,11.8,13.39,1119.725464,70.22699738,0.975238586
Hungary,HUN,2015,0.304082302,25679.01367,22788,0.834,11.8,13.69,1157.320435,70.5,0.999644348
Hungary,HUN,2016,0.303276185,26202.88477,23279,0.835,11.9,12.71,1289.578247,70.77899933,1.003663391
Iceland,ISL,2003,0.26836037,121846.7891,33920.70703,0.881,9.8,0,0,92.78900146,84.90483594
Iceland,ISL,2004,0.279821402,122914.9922,36209.24219,0.885,9.9,0,0,92.91400146,84.68374219
Iceland,ISL,2005,0.290024469,121719.0313,37884.05859,0.889,10,0,0,93.03700256,83.55932031
Iceland,ISL,2006,0.302451505,131393.75,38707.21484,0.891,10.2,0,0,93.15899658,93.1821875
Iceland,ISL,2007,0.294709597,147520.5,41111.15625,0.897,10.3,0,0,93.27799988,109.6102266
Iceland,ISL,2008,0.317892785,181598.3906,40810.23047,0.89,10.4,0,0,93.39499664,147.3700469
Iceland,ISL,2009,0.2865641,178306.5469,37701.85156,0.89,10.5,0,0,93.51100159,147.1075469
Iceland,ISL,2010,0.261716196,176018.2031,36272.6875,0.891,10.6,0,0,93.5739975,146.229375
Iceland,ISL,2011,0.268307995,174289.0625,36740,0.901,11,0,0,93.58699799,145.1374375
Iceland,ISL,2012,0.267694247,174726,36990,0.909,11.5,0,0,93.59999847,145.9669063
Iceland,ISL,2013,0.254029149,179455.2969,38258,0.92,11.9,0,0,93.63300323,149.1127188
Iceland,ISL,2014,0.278004157,178427.1406,38563,0.925,12.2,0,0,93.66699982,147.644625
Iceland,ISL,2015,0.267879714,185343.625,39727,0.927,12.2,0,0,93.69999695,151.6156563
Iceland,ISL,2016,0.272411053,184948.8594,42085,0.933,12.4,0,0,93.73500061,147.7999844
India,IND,2004,0.344063046,3848.699951,3212.510986,0.526,4.7,1.7,374.0857239,28.90299988,0.28714566
India,IND,2009,0.353803358,4929.873047,4270.708008,0.57,5.3,5.3,362.9022522,30.58699989,0.319138794
India,IND,2011,0.357125753,5319.342773,4768,0.591,5.4,5.12,398.8664856,31.27599907,0.399022125
India,IND,2015,0.347064363,6129.212402,5794,0.627,6.3,0.09,365.4768982,32.77700043,0.440362183
India,IND,2016,0.347732336,6325.987793,6125,0.636,6.4,-1.09,353.1791077,33.18199921,0.443540131
India,IND,2017,0.359430473,6499.73877,6449.113281,0.64,6.4,-1.59,351.309967,33.59999847,0.488252258
Indonesia,IDN,2000,0.29458434,5501.185547,5384.386719,0.606,6.7,0,3948.457275,42.0019989,0.205394501
Indonesia,IDN,2001,0.300239283,5812.31543,5526.147461,0.612,6.9,0,3697.632568,42.78300095,0.239024872
Indonesia,IDN,2002,0.328337979,5889.157227,5720.281738,0.618,7,0,3388.481201,43.56800079,0.216945572
Indonesia,IDN,2003,0.330267025,6303.228027,5938.87793,0.624,7.2,0,3043.168457,44.35599899,0.203032928
Indonesia,IDN,2004,0.338532798,6159.269531,6180.910156,0.629,7.3,0,2893.368408,45.14899826,0.211014343
Indonesia,IDN,2005,0.340578444,6253.299316,6482.012207,0.632,7.4,0,2760.666748,45.94200134,0.220580505
Indonesia,IDN,2006,0.353005561,6299.824219,6782.624512,0.641,7.9,0,2547.234375,46.73799896,0.202873779
Indonesia,IDN,2007,0.366646878,6666.067871,7157.312988,0.642,7.1,0,2394.057129,47.53499985,0.224683212
Indonesia,IDN,2008,0.360602546,6639.208984,7633.166016,0.646,7.1,0,2441.237549,48.33499908,0.238117371
Indonesia,IDN,2009,0.359931722,6759.699219,7935.844238,0.656,7.4,0,2359.302734,49.13399887,0.247078766
Indonesia,IDN,2010,0.372053374,7312.889648,8386.433594,0.661,7.4,0,2338.296387,49.91400146,0.316371765
Indonesia,IDN,2011,0.404581494,7689.199219,8849,0.669,7.6,0,2197.110107,50.59500122,0.260556
Indonesia,IDN,2012,0.40459641,7858.272461,9285,0.675,7.6,0,2086.918213,51.27600098,0.272789185
Indonesia,IDN,2013,0.407911805,7477.998047,9703,0.681,7.8,0,1956.679443,51.95500183,0.323842468
Indonesia,IDN,2014,0.40175667,7474.07666,10090,0.683,7.8,0.01,1867.253784,52.63499832,0.33473642
Indonesia,IDN,2015,0.40397369,7528.859375,10484,0.686,7.9,0.01,1826.518188,53.31299973,0.285566467
Indonesia,IDN,2016,0.393002781,7511.089355,10911,0.691,8,0.69,1896.370117,53.98899841,0.411534119
Indonesia,IDN,2017,0.38785263,7757.208008,11364.55371,0.694,8,1.12,1799.414673,54.6590004,0.409873291
Iran,IRN,2005,0.435586412,27812.99805,13110.14258,0.695,7,-0.68,34653.94922,67.55799866,0.595932007
Iran,IRN,2006,0.447520372,30051.41602,14185.75293,0.731,9.1,-0.23,34718.15234,68.23899841,0.751507141
Iran,IRN,2009,0.420500246,32716.20508,16575.07031,0.747,8.8,-4.08,33047.17578,70.04499817,0.266210663
Iran,IRN,2013,0.373595078,34722.03125,16248,0.784,9.8,-7.88,25800.66797,72.29499817,0.529757507
Iran,IRN,2014,0.387832928,35839.64453,16493,0.788,9.8,-5.89,26129.74414,72.83000183,0.516166382
Iran,IRN,2015,0.394710043,35162.70703,16253,0.789,9.8,-2.67,26706.1582,73.35800171,0.460211823
Iran,IRN,2016,0.399651967,36307.19141,16783,0.796,9.8,-2.47,31594.19141,73.87999725,0.525185669
Iran,IRN,2017,0.408029421,37305.30078,17686.80469,0.798,9.8,-4.32,33437.4375,74.39399719,0.582741394
Iraq,IRQ,2006,0.286006124,10918.125,7117.613281,0.636,5.9,2.69,41532.51172,68.81900024,0.517366211
Iraq,IRQ,2012,0.29541857,13390.52441,12652,0.659,6.6,10.17,55183.26953,69.43199921,0.37805069
Ireland,IRL,1994,0.369142046,36346.63672,22004.81445,0.789,10.3,0,0,57.73099899,0.77821936
Ireland,IRL,1995,0.370450923,36800.89063,24266.14258,0.795,10.4,-0.02,0,57.94900131,0.600096191
Ireland,IRL,1996,0.356221354,38623.17578,26562.9082,0.801,10.5,-0.13,0,58.17300034,0.625078918
Ireland,IRL,2000,0.330052052,45658.53125,38806.5,0.857,10.8,0.1,0,59.15499878,0.932189636
Ireland,IRL,2002,0.322902564,46538.59766,43012.81641,0.871,11.2,0.5,0,59.64899826,1.037182373
Ireland,IRL,2003,0.328876228,44505.26563,44372.75781,0.88,11.4,1.17,0,59.92499924,0.835598511
Ireland,IRL,2004,0.336096378,44236.09766,47028.86328,0.89,11.6,1.57,0,60.20199966,0.998310608
Ireland,IRL,2005,0.337540111,45269.58594,49223.38281,0.896,11.7,2.04,0,60.47700119,1.305869141
Ireland,IRL,2006,0.327279551,45252.21484,51296.19531,0.902,11.8,1.78,0,60.73799896,1.675192505
Ireland,IRL,2007,0.319467716,45564.89453,52322.23047,0.908,11.9,1.33,0,60.93999863,1.842032837
Ireland,IRL,2008,0.309062183,44450.94531,49583.14063,0.908,12,0.45,0,61.14099884,2.301122559
Ireland,IRL,2009,0.326825484,39914.21094,47375.73438,0.906,12.1,0.76,0,61.34199905,2.575640381
Ireland,IRL,2010,0.322970953,39329.28125,48623.80859,0.909,12.2,0.47,0,61.54199982,2.301979248
Ireland,IRL,2011,0.328746936,37313.51953,48980,0.895,10.9,0.49,0,61.74200058,3.291104492
Ireland,IRL,2012,0.332207517,36509.53906,48333,0.902,11.3,0.41,0,61.94200134,3.168837158
Ireland,IRL,2013,0.334891901,35686.83203,48743,0.911,11.8,2.24,0,62.14099884,3.369316895
Ireland,IRL,2014,0.318764525,35472.03125,52651,0.921,12.3,2.15,0,62.34000015,3.795588867
Ireland,IRL,2015,0.318215398,37503.40625,54278,0.929,12.3,0.67,0,62.5379982,4.599877441
Ireland,IRL,2016,0.328075984,38689.75781,56597,0.934,12.5,-0.71,0,62.73699951,4.360083984
Israel,ISR,2001,0.389476621,37489.74219,25427.32031,0.857,12.1,-1.4,8.36645031,91.26699829,0.00969455
Israel,ISR,2002,0.395594227,37570.36719,24823.55273,0.865,12.1,-1.39,10.27391243,91.33000183,0.015139903
Israel,ISR,2003,0.40722571,38041.16797,24545.24414,0.865,12.2,-1.47,6.057264805,91.39299774,0.019862671
Israel,ISR,2004,0.414563007,38081.58203,25210.87891,0.868,12.2,-1.46,7.452103138,91.45600128,0.017569649
Israel,ISR,2005,0.422676225,37489.66016,25686.40625,0.872,12.3,-1.67,9.707213402,91.51799774,0.017102926
Israel,ISR,2006,0.415553224,36533.96094,26571.25586,0.872,12.1,-1.84,9.487556458,91.58000183,0.010647971
Israel,ISR,2007,0.410986336,37287.85547,27624.88281,0.881,12.5,-2.08,9.256840706,91.64099884,0.0099111
Israel,ISR,2008,0.416426794,37423.61719,27857.61914,0.88,12.6,-3.67,9.052575111,91.70200348,0.013185324
Israel,ISR,2009,0.426339505,35508.58594,27644.69727,0.882,12.6,-3.78,8.815387726,91.76300049,0.040787186
Israel,ISR,2010,0.425270246,36141.08594,28575.53125,0.887,12.6,-3.97,8.627504349,91.8259964,0.067686134
Israel,ISR,2011,0.414441639,36126.10938,29370,0.892,12.7,-4.22,33.01512527,91.89199829,0.115131317
Israel,ISR,2012,0.416095964,37155.87109,29517,0.893,12.8,-4.43,32.54975891,91.95999908,0.178768158
Israel,ISR,2013,0.402248247,34621.18359,30257,0.895,12.8,-4.68,31.95768356,92.03099823,0.2037211
Israel,ISR,2014,0.397574889,33268.98438,30686,0.899,12.9,-4.84,31.47193527,92.10399628,0.335914307
Israel,ISR,2015,0.397195299,34552.80859,30954,0.901,13,-5.2,30.9817009,92.17900085,0.449122101
Israel,ISR,2016,0.390130153,34691.59375,31701,0.902,13,-5.55,30.56667328,92.2559967,0.60976709
Italy,ITA,1991,0.314683259,33511.91406,26570.36328,0.774,7.4,35.08,882.515625,66.70600128,2.352567383
Italy,ITA,1993,0.355378879,32607.19727,26902.39844,0.786,7.7,39.43,943.4520264,66.80200195,2.330737793
Italy,ITA,1995,0.352380637,33868.24609,28666.35156,0.8,7.9,37.43,1065.068726,66.92199707,2.13785376
Italy,ITA,1998,0.366607869,35503.76563,30649.62891,0.819,8.3,40.73,1152.481812,67.10199738,2.416440918
Italy,ITA,2000,0.352528098,37029.53516,32716.98047,0.83,8.6,44.35,940.7766113,67.22200012,2.64970166
Italy,ITA,2003,0.349313086,37345.60938,33917.80078,0.847,8.9,50.97,1125.35498,67.50099945,2.36736792
Italy,ITA,2004,0.342951163,37921.99609,34472.12891,0.852,9.1,45.63,1092.769897,67.62000275,2.738103271
Italy,ITA,2005,0.338336056,37752.30078,34872.125,0.857,9.2,49.15,1219.388916,67.73799896,2.428810791
Italy,ITA,2006,0.33697396,37409.80078,35713.80469,0.862,9.3,44.99,1148.519531,67.85600281,2.517675293
Italy,ITA,2007,0.328907356,36568.12891,36310.73438,0.866,9.4,46.28,1159.981323,67.97399902,2.352051025
Italy,ITA,2008,0.337701023,35842.31641,35942.9375,0.868,9.5,40.03,1034.807251,68.09200287,2.937392334
Italy,ITA,2009,0.338357704,33359.01953,34055.22656,0.868,9.6,44.96,899.8283081,68.20899963,3.53121875
Italy,ITA,2010,0.347213083,34331.64453,34765.9375,0.87,9.7,44.16,1000.915649,68.32700348,3.924384521
Italy,ITA,2011,0.350572145,33528.16797,35151,0.875,9.8,45.73,1036.141357,68.44400024,4.171925293
Italy,ITA,2012,0.351556106,32463.17188,34068,0.874,9.9,43.1,1048.109863,68.68399811,4.598646973
Italy,ITA,2013,0.349118492,30890.7793,33094,0.876,10.3,42.14,1063.428101,68.97899628,5.440081055
Italy,ITA,2014,0.346573283,29172.83789,32829,0.874,10.1,43.72,1109.859253,69.27200317,5.758648438
Italy,ITA,2015,0.353974365,29893.59766,33118,0.876,10.2,46.38,1050.182861,69.56500244,5.181958008
Italy,ITA,2016,0.352462496,29953.07422,33419,0.878,10.2,37.03,720.7545776,69.85500336,5.094777832
Italy,ITA,2017,0.359280009,30297.49609,34027.33594,0.88,10.2,37.76,795.1309204,70.14399719,4.892966309
Japan,JPN,2008,0.348423151,47248.34766,35496.22656,0.881,11.4,0,82.22229767,89.10299683,2.282501221
Japan,JPN,2010,0.321003204,45958.19141,35011.40234,0.885,11.5,0,72.51013184,90.81199646,2.612669678
Japan,JPN,2013,0.328547286,42957.72656,36354,0.899,12.2,0,66.29250336,91.22599792,2.633294678
Kazakhstan,KAZ,2001,0.359647586,27913.20703,10589.10254,0.7,10.7,1.8,31271.08398,56.17100143,1.592243042
Kazakhstan,KAZ,2002,0.3481114,28307.85352,11640.17969,0.713,11,0.39,36709.06641,56.24399948,1.732557739
Kazakhstan,KAZ,2003,0.336914788,30774.13086,12726.28711,0.725,11.2,-1.47,39625.29688,56.31700134,1.65643457
Kazakhstan,KAZ,2004,0.318387585,32380.46484,13929.72949,0.737,11.5,-2.17,45377.08594,56.38999939,1.522392334
Kazakhstan,KAZ,2005,0.3982604,32949.13281,15233.84082,0.747,11.7,-0.13,46430.89453,56.46300125,1.460441284
Kazakhstan,KAZ,2006,0.302438652,35120.09375,16786.55469,0.754,11.7,0.22,48659.27734,56.5359993,1.421318726
Kazakhstan,KAZ,2007,0.300840563,38539.32813,18181.06055,0.759,11.6,0.08,49758.375,56.60900116,1.471498779
Kazakhstan,KAZ,2008,0.284964438,40230.83594,18665.76563,0.759,11.5,0.29,51856.80078,56.68199921,1.321547363
Kazakhstan,KAZ,2009,0.282088668,35695.53516,18750.54102,0.763,11.5,-0.67,55452.94922,56.75500107,1.197490479
Kazakhstan,KAZ,2010,0.279545118,37803.17969,19964.5293,0.765,11.4,1.16,57024.45703,56.82699966,1.370008789
Kazakhstan,KAZ,2011,0.279838438,42281.25391,21302,0.772,11.5,0.79,56464.95313,56.90000153,1.318792358
Kazakhstan,KAZ,2012,0.281688218,43767.34766,22089,0.781,11.5,1.32,55040.92578,56.97299957,1.250528198
Kazakhstan,KAZ,2013,0.27065428,43254.9375,23131,0.788,11.6,-0.85,56222.20703,57.04600143,1.238338379
Kazakhstan,KAZ,2014,0.270158598,43454.02734,23841,0.793,11.7,-1.17,54517.69922,57.11800003,1.295995361
Kazakhstan,KAZ,2015,0.268036674,40597.64063,23850,0.797,11.7,0,53063.01172,57.19100189,1.447885254
Kazakhstan,KAZ,2016,0.272253251,40861.12109,23842,0.797,11.7,-1.25,51259.32813,57.26399994,1.799569946
Kazakhstan,KAZ,2017,0.274502759,42400.48828,24556.91211,0.8,11.8,-4.36,55950.08203,57.33599854,1.714110474
Latvia,LVA,1993,0.269931311,19032.93359,8439.330078,0.667,8.4,2.5,0,68.7990036,3.292848389
Latvia,LVA,1995,0.30977489,17767.04883,8709.070313,0.673,8.9,2.26,0,68.75,3.462132813
Latvia,LVA,1996,0.316418652,16727.7207,8947.268555,0.68,9,3.23,0,68.65000153,2.219974854
Latvia,LVA,1997,0.343925918,17026.91211,9773.499023,0.692,9.1,1.82,0,68.59999847,3.56168042
Latvia,LVA,1998,0.33264853,18704.44531,10429.7666,0.705,9.2,0.53,0,68.4509964,5.253256836
Latvia,LVA,2002,0.350912337,17587.11523,13015.47461,0.76,10.6,2.35,0,67.84999847,3.110804199
Latvia,LVA,2003,0.365286016,17572.2207,14142.12402,0.774,11.2,2.63,0,67.80000305,2.943606201
Latvia,LVA,2004,0.349571283,19989.99414,15371.18164,0.788,11.7,2.1,0,67.90000153,4.046457275
Latvia,LVA,2005,0.389814837,20851.59766,17069.65625,0.802,12.1,2.15,0,68,4.348305176
Latvia,LVA,2006,0.356027663,20018.94141,19128.68945,0.809,12.2,2.51,0,67.96700287,3.570709961
Latvia,LVA,2007,0.360469299,20893.67578,21042.36719,0.818,12.3,3,0,67.90000153,3.644904541
Latvia,LVA,2008,0.358178987,21294.41797,20342.19922,0.821,12.2,2.52,0,67.83399963,4.164933105
Latvia,LVA,2009,0.348317406,20432.49805,17582.11133,0.818,12.3,1.65,0,67.81400299,4.635283203
Latvia,LVA,2010,0.350344102,23444.02344,17140.22656,0.816,12.5,0.87,0,67.84100342,4.774619141
Latvia,LVA,2011,0.357743693,21178.91992,18428,0.821,12.6,1.24,0,67.8690033,4.080862061
Latvia,LVA,2012,0.352376885,22197.80273,19405,0.824,12.6,1.69,0,67.89700317,5.491104492
Latvia,LVA,2013,0.355005706,21644.9082,20129,0.833,12.7,1.36,0,67.92500305,4.823478516
Latvia,LVA,2014,0.35115233,20158.79688,20751,0.838,12.9,2.32,0,67.95200348,3.864837646
Latvia,LVA,2015,0.342044352,20893.63086,21488,0.841,12.8,1.82,0,67.98000336,3.945427979
Latvia,LVA,2016,0.343296299,22540.10938,22092,0.844,12.8,1.03,0,68.02100372,4.936748535
Lithuania,LTU,1993,0.336411363,27852.19336,8621.09668,0.701,9.5,-2.73,274.4130554,67.40399933,0.316591248
Lithuania,LTU,1996,0.322603226,29770.96875,8793.701172,0.712,10,-5.16,526.8994751,67.22499847,0.267492737
Lithuania,LTU,1998,0.32103118,29860.28906,10382.11719,0.736,10.4,-6.08,969.480896,67.10600281,0.346839905
Lithuania,LTU,1999,0.32015238,25013.03516,10336.39551,0.744,10.6,-2.68,829.7003784,67.04599762,0.34687674
Lithuania,LTU,2000,0.316749339,22283.80664,10806.87402,0.756,10.7,-1.34,1078.726563,66.98600006,0.286508179
Lithuania,LTU,2001,0.320122746,26267.60742,11606.72852,0.768,10.9,-3.96,1731.713745,66.91899872,0.277128204
Lithuania,LTU,2002,0.319155676,28268.63477,12490.62109,0.779,11.1,-6.49,1615.545776,66.82800293,0.302983398
Lithuania,LTU,2003,0.354564869,29906.59766,13917.50781,0.791,11.3,-7.53,1430.433594,66.73699951,0.282677155
Lithuania,LTU,2004,0.352040158,30455.98047,14995.7666,0.798,11.5,-7.19,1140.389038,66.64600372,0.365068573
Lithuania,LTU,2005,0.353022075,27952.48633,16417.94922,0.809,11.8,-2.97,825.6516113,66.63500214,0.394120331
Lithuania,LTU,2006,0.344189871,27100.73828,17916.05859,0.817,12,-0.43,699.9987793,66.70600128,0.37801178
Lithuania,LTU,2007,0.347971889,30058.61328,20138.47266,0.825,12.1,-1.37,596.3242798,66.77700043,0.509878876
Lithuania,LTU,2008,0.370556567,30223.07227,20879.80273,0.831,12.2,-0.96,589.4471436,66.84799957,0.534732056
Lithuania,LTU,2009,0.372259874,28171.85547,17983.34961,0.822,11.5,-2.93,397.5328064,66.84200287,0.615976196
Lithuania,LTU,2010,0.336193059,21040.05469,18663.76172,0.824,11.6,5.99,403.0612488,66.75700378,0.829046509
Lithuania,LTU,2011,0.324910525,22132.96289,20243,0.828,11.8,6.74,408.3453369,66.74099731,1.016958252
Lithuania,LTU,2012,0.350986815,22509.18945,21303,0.831,11.7,6.62,414.5516052,66.86399841,1.097021118
Lithuania,LTU,2013,0.353111465,21054.22656,22274,0.836,11.9,6.95,418.4508972,66.98600006,1.437321899
Lithuania,LTU,2014,0.37681442,20573.96875,23252,0.851,13,7.62,423.7232666,67.10800171,1.441749023
Lithuania,LTU,2015,0.373752238,21786.64063,23889,0.852,13,7.21,429.4501343,67.23000336,1.618860962
Lithuania,LTU,2016,0.38391206,22514.61523,24743,0.855,13,8.27,436.9331055,67.36599731,2.019796387
Luxembourg,LUX,1991,0.267893972,103347.0078,39198.30078,0.79,8.9,4.15,0,81.12999725,0.758371521
Luxembourg,LUX,1994,0.269444385,96935.625,40990.71094,0.803,9.2,4.46,0,82.48200226,0.751523682
Luxembourg,LUX,1997,0.3015988,81334.02344,42311.34375,0.826,9.7,5.19,0,82.77899933,0.734084351
Luxembourg,LUX,2000,0.304473022,85309.99219,50063.82422,0.855,10.3,5.71,0,84.21600342,1.169062622
Luxembourg,LUX,2003,0.301874724,102173.3984,51717.03125,0.864,10.9,3.76,0,85.74299622,0.937346008
Luxembourg,LUX,2004,0.301726978,114602.1719,52624.16406,0.872,11.1,3.37,0,86.17700195,1.274398071
Luxembourg,LUX,2005,0.308408079,114782.5703,53262.09375,0.878,11.3,3.26,0,86.59799957,1.340569824
Luxembourg,LUX,2006,0.309481202,110879.3281,54920.80859,0.881,11.5,3.56,0,87.00900269,1.542188599
Luxembourg,LUX,2007,0.311337503,105546.1328,58369.70313,0.888,11.7,3.96,0,87.40899658,1.623254395
Luxembourg,LUX,2008,0.325615448,102514.3047,56383.19141,0.89,11.7,4.35,0,87.80000305,1.689576538
Luxembourg,LUX,2009,0.31196918,95849.96094,52731.39063,0.883,11.8,3.42,0,88.1780014,1.569182983
Luxembourg,LUX,2010,0.305043781,98674.39063,54086.33594,0.889,11.8,4.06,0,88.54699707,1.533794434
Luxembourg,LUX,2011,0.320541196,94011.14063,54031,0.892,11.8,4.48,0,88.90599823,1.383203491
Luxembourg,LUX,2012,0.343471485,90331.52344,52562,0.892,11.8,4.11,0,89.24900055,1.670888794
Luxembourg,LUX,2013,0.320360461,84217.17188,53411,0.892,11.8,4.94,0,89.5739975,1.940539185
Luxembourg,LUX,2014,0.311583177,79843.5625,55102,0.895,12,4.89,0,89.88400269,2.043030151
Luxembourg,LUX,2015,0.329222329,75933.21094,55972,0.899,12,5.6,0,90.17900085,2.157916748
Luxembourg,LUX,2016,0.317279828,73298.33594,57006,0.904,12.1,6.3,0,90.45999908,2.237456543
Malaysia,MYS,2003,0.464162024,28914.08984,14362.15527,0.731,8,-0.1,16675.41211,64.77999878,0.651496094
Malaysia,MYS,2006,0.447523495,32241.07813,16353.92383,0.737,8.2,-2.32,14281.30957,67.48300171,0.762664978
Malaysia,MYS,2008,0.454797122,34248.24219,17865.64063,0.761,9.4,-0.48,14342.05176,69.22499847,0.898867065
Malaysia,MYS,2011,0.439435968,33118.42969,19390,0.778,10.1,0.36,12041.42383,71.60900116,0.946978577
Malaysia,MYS,2013,0.413488267,36865.87891,20760,0.785,10.1,0.19,11332.29492,72.93000031,1.223782471
Malaysia,MYS,2015,0.410663984,36812.39844,22432,0.795,10.2,0.01,12366.78027,74.21299744,1.342192871
Mexico,MEX,2000,0.525839657,16542.51367,12613.39648,0.702,6.7,0.87,20028.7793,74.72200012,1.18293811
Mexico,MEX,2002,0.500886546,16385.01367,12645.50391,0.71,7,0.2,20337.91992,75.36499786,0.892825684
Mexico,MEX,2004,0.500300763,16937.57813,13287.59961,0.724,7.4,-1.27,21147.18359,75.99700165,0.898240845
Mexico,MEX,2005,0.501203587,17774.1543,13655.80078,0.728,7.6,-1.67,20460.26953,76.30799866,0.972839294
Mexico,MEX,2006,0.489360528,18073.47852,14287.55859,0.736,8,-0.78,19737.79297,76.61599731,1.009600098
Mexico,MEX,2008,0.498838477,18015.78125,14808.08984,0.742,8,-1.1,16466.17383,77.22200012,1.206357788
Mexico,MEX,2010,0.472139094,17861.31445,14697.29785,0.743,8,-0.95,14841.7041,77.81500244,1.122248413
Mexico,MEX,2012,0.48713466,18313.37305,15639,0.757,8.6,1.06,14266.23047,78.40499878,1.000290955
Mexico,MEX,2014,0.48722439,17839.47656,15856,0.761,8.4,-0.53,13271.6377,78.99299622,1.200079712
Mexico,MEX,2016,0.476777128,17609.23828,16133,0.772,8.6,0.26,11458.71484,79.57700348,1.079708984
Morocco,MAR,2000,0.406370084,4079.485596,4753.638184,0.53,3.4,2,6.418351173,53.33499908,0.080308113
Morocco,MAR,2006,0.407183025,5335.519531,6076.952637,0.586,4,2,3.988636732,55.74599838,0.107684074
Morocco,MAR,2013,0.395485087,6326.899414,7619,0.645,4.8,5.4,2.915256739,59.70000076,0.323341125
Netherlands,NLD,1990,0.31090073,60855.85156,27515,0.829,10.34,9.21,3519.28125,68.68399811,0.170774292
Netherlands,NLD,1993,0.304349816,62022.91406,28879.99609,0.839,10.4,10.3,2646.855713,71.09999847,0.232143997
Netherlands,NLD,1999,0.280633961,62756.16797,36409.07813,0.87,10.8,18.44,2129.399902,76.02999878,0.498780243
Netherlands,NLD,2004,0.298000261,66846.6875,39682.375,0.886,11.5,16.22,2257.984619,81.51399994,1.004789246
Netherlands,NLD,2005,0.290482303,67955.73438,40679.48828,0.891,11.6,18.29,1790.515259,82.62999725,1.412154297
Netherlands,NLD,2006,0.300433266,66275.53125,42286.51172,0.897,11.8,21.46,1480.31189,83.63600159,1.534334106
Netherlands,NLD,2007,0.295927782,67095.61719,44008.75,0.904,12,17.61,1999.795532,84.53900146,1.621985962
Netherlands,NLD,2008,0.292980122,66053.95313,44840.71094,0.906,12,15.85,1618.296631,85.40200043,1.924294312
Netherlands,NLD,2009,0.278819972,64914.375,43178.50781,0.906,11.9,4.89,1259.841919,86.28800201,2.226743408
Netherlands,NLD,2010,0.278452473,68487.875,43812.34766,0.91,12,2.78,1050.09668,87.13400269,2.200817383
Netherlands,NLD,2011,0.277500869,65420.07422,44591,0.921,12,9.09,1129.195923,87.8789978,2.4933479
Netherlands,NLD,2012,0.276209308,63073.67969,43957,0.921,12,17.11,1047.111206,88.58799744,2.500008301
Netherlands,NLD,2013,0.281064794,60998.01953,43744,0.923,12.1,18.24,1097.015137,89.18699646,2.406853027
Netherlands,NLD,2014,0.286314187,57400.08203,44205,0.924,12.1,14.73,1379.512329,89.69000244,2.283623291
Netherlands,NLD,2015,0.282415795,58063.22266,44869,0.926,12.1,8.75,1310.042725,90.17299652,2.615157959
Netherlands,NLD,2016,0.281735698,58987.51953,45600,0.928,12.1,4.91,869.0585327,90.63500214,2.758498535
North Macedonia,MKD,2000,0.342638721,15159.90137,8083.789551,0.669,6.5,0.11,0,58.54800034,1.700235107
North Macedonia,MKD,2002,0.385090683,13842.10742,7964.077637,0.679,7.1,0.79,0,58.13000107,1.078396484
North Macedonia,MKD,2003,0.387223932,15571.83203,8160.412598,0.686,7.5,0.95,0,57.92100143,1.940547363
North Macedonia,MKD,2004,0.384325517,15350.7041,8561.383789,0.693,7.8,1.18,0,57.71099854,2.076089844
North Macedonia,MKD,2005,0.393052501,15797.29199,8984.544922,0.702,8.2,1.6,0,57.5320015,2.07360791
North Macedonia,MKD,2006,0.426425032,16038.39648,9466.263672,0.708,8.4,1.79,0,57.38299942,2.275626465
North Macedonia,MKD,2008,0.461416256,15348.99316,10674.20801,0.728,8.7,2.73,0,57.17499924,1.141797729
North Macedonia,MKD,2009,0.427644552,15108.59668,10657.87793,0.731,8.9,1.44,0,57.11700058,1.714206299
North Macedonia,MKD,2010,0.40160622,16366.48828,11038.29004,0.735,9.1,1.42,0,57.0890007,3.258503662
North Macedonia,MKD,2011,0.393741066,16312.60254,11321,0.738,9.3,2.68,0,57.09199905,1.909001831
North Macedonia,MKD,2012,0.381365174,15123.52637,11242,0.74,9.3,2.67,0,57.125,1.37982373
North Macedonia,MKD,2013,0.362429362,14509.72363,11544,0.743,9.4,2.43,0,57.18899918,2.091282471
North Macedonia,MKD,2014,0.352054345,13458.76465,11937,0.747,9.5,2.96,0,57.2840004,1.684128906
North Macedonia,MKD,2015,0.355946591,14179.12598,12371,0.754,9.6,2.51,0,57.40800095,2.632350586
North Macedonia,MKD,2016,0.345346906,14701.35254,12644,0.756,9.6,2.03,0,57.56299973,2.66770874
Norway,NOR,1991,0.252275847,106990.3906,31127.67578,0.856,11.6,-2.77,255625.7656,72.26499939,76.43398438
Norway,NOR,1995,0.260205324,116508.1563,40043.79688,0.883,11.8,-6.66,368580.2188,73.78700256,82.50189063
Norway,NOR,2000,0.273587853,129019.9844,54039.96094,0.917,12,-19.05,413759,76.01999664,93.40775
Norway,NOR,2003,0.276272937,105475.3125,60852.25781,0.924,12.2,7.87,390355.4688,77.08399963,67.31015625
Norway,NOR,2004,0.315790769,106769.9609,64824.14453,0.934,12.7,11.45,379949.8438,77.39900208,68.58770313
Norway,NOR,2005,0.305975573,121056.4219,68108.55469,0.932,12.4,-12.04,347552.7813,77.67500305,84.4199375
Norway,NOR,2006,0.263541735,109898.4844,71310.53125,0.936,12.5,0.85,320683.25,77.94999695,73.34102344
Norway,NOR,2007,0.270908142,116809.5391,74879.8125,0.938,12.6,-10.03,291856.3125,78.23400116,80.87950781
Norway,NOR,2008,0.269965325,118323.3828,76522.0625,0.938,12.7,-13.86,278997,78.52600098,82.702625
Norway,NOR,2009,0.261583686,107990.5234,76625.63281,0.938,12.7,-8.98,261123.625,78.81500244,73.20594531
Norway,NOR,2010,0.257239667,102416.4688,78476.14844,0.942,12.7,7.55,234678.1406,79.10199738,67.05225781
Norway,NOR,2011,0.253003652,102563.7656,80623,0.943,12.8,-3.08,219436.2031,79.45500183,67.99989844
Norway,NOR,2012,0.257262609,112095.7813,81759,0.942,12.6,-17.82,201912.8281,79.87400055,78.57365625
Norway,NOR,2013,0.263612033,103727.8516,81583,0.946,12.7,-5.01,189877.7969,80.28600311,70.02526563
Norway,NOR,2014,0.267526268,105516.5625,82216,0.946,12.5,-15.58,192163.9844,80.69200134,72.68748438
Norway,NOR,2015,0.274968957,105371.5234,82713,0.948,12.5,-14.65,196008.9688,81.09100342,72.57483594
Norway,NOR,2016,0.284937455,105687.4922,82814,0.951,12.6,-16.41,200014.6875,81.48500061,73.83992969
Norway,NOR,2017,0.269873302,105268.625,84056.33594,0.953,12.6,-15.16,195117.3906,81.8710022,72.91010156
Pakistan,PAK,2001,0.28653021,3391.941162,3176.946777,0.457,3.5,0,268.8559265,33.18000031,0.387191742
Pakistan,PAK,2004,0.308861069,3977.041016,3664.533447,0.487,4.3,0.11,260.4295654,33.78099823,0.504143402
Pakistan,PAK,2005,0.312612538,4032.86377,3883.93457,0.5,4.5,0.15,261.9718933,33.98199844,0.54836908
Pakistan,PAK,2007,0.296695024,4316.898438,4160.365234,0.513,4.4,0.2,269.7556763,34.38700104,0.533800354
Pakistan,PAK,2010,0.287808638,4128.532227,4354.26709,0.526,4.7,0.27,234.4786224,34.99700165,0.461348114
Pakistan,PAK,2011,0.29697957,4037.64624,4464,0.53,4.8,0.27,232.8801727,35.20199966,0.46074707
Pakistan,PAK,2013,0.295285731,3930.456787,4703,0.538,4.9,0.42,271.746521,35.61299896,0.452887512
Pakistan,PAK,2015,0.312912658,4091.016357,5030,0.551,5.1,0.46,289.1962891,36.02600098,0.457153748
Peru,PER,2000,0.490733633,5621.884277,6038.244629,0.678,8,0,2268.436768,73.04199982,1.826885498
Peru,PER,2001,0.513063335,5490.314453,6010.225098,0.686,8.1,0,2186.105957,73.44799805,1.950514526
Peru,PER,2002,0.535659229,5558.383301,6274.418457,0.687,8.3,0,2101.771729,73.84999847,1.964997192
Peru,PER,2003,0.530813275,5427.985352,6472.34082,0.686,8.4,0,2010.411499,74.24900055,1.986655762
Peru,PER,2004,0.498808504,5715.538086,6731.004883,0.693,8.6,0,1974.451782,74.64399719,1.845976196
Peru,PER,2005,0.504513566,5926.066895,7091.133301,0.698,8.7,-0.01,2221.084473,75.03399658,1.887233521
Peru,PER,2006,0.503328575,5929.505371,7560.896973,0.695,8.1,0,2292.757568,75.42099762,2.023624756
Peru,PER,2007,0.500220408,6437.128418,8138.365234,0.703,8.1,0,2251.54541,75.8030014,1.998060181
Peru,PER,2008,0.474873379,6875.695313,8812.618164,0.712,8.4,0,2321.432861,76.05200195,1.926676636
Peru,PER,2009,0.470065807,6994.017578,8836.016602,0.715,8.4,-0.06,2784.261719,76.24099731,1.981663208
Peru,PER,2010,0.455379256,7898.398438,9507.780273,0.717,8.4,-0.11,2915.724365,76.43000031,1.991473999
Peru,PER,2011,0.446601519,8646.855469,10044,0.729,9.1,0,2769.099121,76.61699677,2.105881836
Peru,PER,2012,0.444404087,8851.147461,10533,0.729,8.6,0,2705.866455,76.80400085,2.125253662
Peru,PER,2013,0.438828966,8966.116211,11034,0.736,8.8,0,2857.098877,76.98899841,2.164126221
Peru,PER,2014,0.431392253,9096.472656,11186,0.746,9.4,-0.01,2914.779541,77.17299652,2.177760254
Peru,PER,2015,0.433564001,9412.633789,11445,0.745,9.1,-0.05,2494.420898,77.35700226,2.261337891
Peru,PER,2016,0.436392562,9898.239258,11776,0.748,9.2,-0.02,2199.49585,77.53900146,2.234693604
Peru,PER,2017,0.4329279,10024.64355,11952.52539,0.75,9.2,0.02,2105.780029,77.72000122,2.623631348
Philippines,PHL,2000,0.427994724,3864.822998,4033.560791,0.624,7.6,0,9.294275284,46.13499832,0.71867218
Philippines,PHL,2003,0.414946578,3677.117432,4333.213867,0.637,8,0,104.8529892,45.88000107,0.603944702
Philippines,PHL,2006,0.428588396,3471.682373,4908.616699,0.651,8.8,0,179.7451172,45.625,0.648682495
Philippines,PHL,2009,0.417603385,3582.861328,5338.306152,0.659,9,0,239.3202667,45.37099838,0.597610474
Philippines,PHL,2012,0.422243295,3694.372803,6144,0.677,9.1,0,195.5285492,45.7120018,0.574757935
Philippines,PHL,2015,0.403514992,4342.771484,7047,0.693,9.3,0,149.2719116,46.2840004,0.54287854
Poland,POL,1992,0.292985629,29645.76172,7873.924805,0.714,10.1,-4.03,52.3451004,61.35900116,0.125937721
Poland,POL,1993,0.266988985,29551.11523,8229.529297,0.725,10.2,-2.41,79.71788788,61.40399933,0.119962463
Poland,POL,1995,0.346447211,28828.95898,9408.274414,0.74,10.5,-2.8,74.53112793,61.49300003,0.150724548
Poland,POL,1996,0.326554205,30224.87305,10066.1709,0.748,10.6,-3.12,81.12639618,61.5379982,0.159297882
Poland,POL,1998,0.323187391,28632.76563,11413.25586,0.769,10.8,-3.47,119.5697327,61.6269989,0.195565018
Poland,POL,1999,0.325903704,28073.15625,12058.41992,0.778,10.9,-4.93,145.4087982,61.67200089,0.181504486
Poland,POL,2000,0.329655369,26390.34375,12732.16699,0.785,11.1,-6.37,210.804184,61.7159996,0.18019371
Poland,POL,2001,0.328490263,26225.46875,13017.58398,0.791,11.1,-6.73,238.2465515,61.76100159,0.21512883
Poland,POL,2002,0.340502059,25970.76172,13415.57129,0.799,11.4,-7.07,215.6568756,61.78699875,0.212871735
Poland,POL,2003,0.349113337,26903.16602,14035.63672,0.804,11.5,-10.16,237.236145,61.67599869,0.181722198
Poland,POL,2004,0.354260608,27115.38281,14906.09375,0.802,11.6,-9.29,271.1523438,61.56399918,0.241663788
Poland,POL,2005,0.344925793,27739.75586,15580.93652,0.808,11.6,-11.19,258.2873535,61.45199966,0.314978546
Poland,POL,2006,0.337091161,29122.60156,16711.44727,0.814,11.7,-10.99,243.4739532,61.3409996,0.363619385
Poland,POL,2007,0.335089389,29040.89453,18067.42773,0.819,11.8,-5.35,221.9371338,61.22900009,0.453718872
Poland,POL,2008,0.33717042,29546.58203,19011.54688,0.824,11.9,-0.67,230.7743225,61.11600113,0.652273743
Poland,POL,2009,0.33578089,28515.29883,19718.46484,0.828,12.1,-2.19,201.558075,61.00400162,0.874228149
Poland,POL,2010,0.332188336,30424.77148,20608.69336,0.835,12.2,-1.35,209.8579254,60.89199829,1.050774292
Poland,POL,2011,0.327763434,30635.35352,21837,0.839,12.3,-5.24,203.227005,60.77999878,1.238461304
Poland,POL,2012,0.323912772,29801.97852,22188,0.836,11.7,-2.84,219.040741,60.65399933,1.558199341
Poland,POL,2013,0.325495204,29926.81836,22510,0.85,12.1,-4.52,313.9220276,60.52899933,1.547384766
Poland,POL,2014,0.320801538,28902.92188,23266,0.842,11.3,2.17,315.0115967,60.40299988,1.750351196
Poland,POL,2015,0.318235289,29245.21094,24177,0.855,12.1,-0.33,301.7047119,60.27799988,1.918927734
Poland,POL,2016,0.307963476,30553.07617,24838,0.86,12.2,2,330.6403809,60.1780014,1.848612183
Portugal,PRT,2003,0.387753517,29086.92188,23677.51953,0.796,7.2,2.79,0,56.28699875,4.961356445
Portugal,PRT,2004,0.389388362,28414.33984,24142.76563,0.797,7.4,6.48,0,56.9070015,3.435172119
Portugal,PRT,2005,0.384800724,28258.83203,24377.94922,0.8,7.5,6.82,0,57.52199936,2.29337793
Portugal,PRT,2006,0.380607799,27960.93359,24809.03906,0.803,7.6,5.44,0,58.13700104,4.354233398
Portugal,PRT,2007,0.367501832,28096.48242,25477.20508,0.81,7.7,7.49,0,58.74900055,4.535803711
Portugal,PRT,2008,0.36634151,27063.68555,25590.88086,0.814,7.8,9.43,0,59.35900116,4.099277832
Portugal,PRT,2009,0.349074152,27275.08594,24902.45703,0.817,7.9,4.78,0,59.9640007,5.141181152
Portugal,PRT,2010,0.358446705,28792.58594,25463.16406,0.822,8.1,2.62,0,60.56700134,7.887212891
Portugal,PRT,2011,0.363446774,27535.70898,25133,0.826,8.3,2.81,0,61.16699982,6.749356934
Portugal,PRT,2012,0.360347924,25248.98438,24218,0.829,8.5,7.89,0,61.76300049,5.479419434
Portugal,PRT,2013,0.361871044,27861.43945,24076,0.837,8.6,2.78,0,62.35200119,8.109275879
Portugal,PRT,2014,0.355621728,28573.08594,24423,0.839,8.9,0.9,0,62.93600082,8.655511719
Portugal,PRT,2015,0.355233023,28088.19141,24915,0.842,9.1,2.27,0,63.51399994,6.870195801
Portugal,PRT,2016,0.351905183,30167.52734,25346,0.845,9.2,-5.09,0,64.08599854,8.831972656
Romania,ROU,1992,0.254617279,23557.40625,4818.304199,0.678,9.2,4.2,3396.585938,54.22700119,1.480296875
Romania,ROU,1994,0.282005825,21840.06445,5427.070801,0.681,9.4,0.72,3508.750244,53.92200089,1.668852417
Romania,ROU,1995,0.311580259,24158.88477,6014.689941,0.687,9.5,0.3,3520.184082,53.76900101,2.149425781
Romania,ROU,1997,0.305044268,23117.52734,6446.417969,0.696,9.7,0.22,3467.792725,53.46300125,2.288627686
Romania,ROU,1998,0.310832401,21313.9375,6407.466797,0.698,9.7,0.39,3392.254883,53.31100082,2.486396484
Romania,ROU,1999,0.294176679,18888.18164,6613.933105,0.704,9.8,-0.83,3327.085938,53.15800095,2.42546582
Romania,ROU,2000,0.293238638,18987.39063,7089.946289,0.709,9.9,-0.7,3302.905273,53.00400162,1.973959839
Romania,ROU,2001,0.294290588,19332.31055,7860.443359,0.715,9.7,-1.31,3299.230225,52.85200119,1.993719849
Romania,ROU,2002,0.302299389,20194.07813,8673.619141,0.724,9.6,-2.85,3231.431152,52.77999878,2.143623535
Romania,ROU,2003,0.299112872,20314.74805,9369.233398,0.734,9.7,-2.08,3153.749268,52.91199875,1.770792603
Romania,ROU,2004,0.300393721,21194.125,10531.17188,0.746,9.9,-1.18,3074.867432,53.04299927,2.205845703
Romania,ROU,2005,0.298193913,21398.4082,11313.82227,0.755,10.1,-2.9,2952.395752,53.17399979,2.702497314
Romania,ROU,2006,0.304642964,22022.0293,12823.23145,0.767,10.3,-4.27,2736.301514,53.30500031,2.460445313
Romania,ROU,2007,0.302072898,21450.41016,14418.83008,0.781,10.5,-2.09,2623.553955,53.43600082,2.152019043
Romania,ROU,2008,0.295838115,21721.44141,16347.34375,0.795,10.6,-4.25,2634.81665,53.56700134,2.32408667
Romania,ROU,2009,0.281893464,19154.24805,15866.12695,0.798,10.6,-2.3,2534.72998,53.69800186,2.104947021
Romania,ROU,2010,0.281582378,19486.89258,16377.32813,0.797,10.7,-2.27,2435.431396,53.82899857,2.754811279
Romania,ROU,2011,0.272115199,20095.43945,17174,0.798,10.8,-1.91,2414.443604,53.95999908,2.217197998
Romania,ROU,2012,0.273342376,19427.06836,17174,0.795,10.9,0.25,2289.493896,53.97399902,2.028014526
Romania,ROU,2013,0.274506993,18210.125,17979,0.8,10.9,-2.02,2386.333496,53.93700027,2.711322998
Romania,ROU,2014,0.360115397,18991.2168,18515,0.802,10.9,-7.13,2352.012939,53.90000153,3.398885498
Romania,ROU,2015,0.359138906,19195.01953,19320,0.805,10.9,-6.73,2336.485107,53.88700104,3.554439941
Romania,ROU,2016,0.283457048,19325.34961,17782,0.807,11,-5.02,2233.614502,53.90000153,3.660817871
Romania,ROU,2017,0.360168279,19792.29297,19158.35938,0.811,11,-2.89,2150.376221,53.93600082,3.302168701
Russia,RUS,2000,0.370928293,49274.92578,10552.88477,0.72,11.3,-14.05,25948.22266,73.34999847,3.315523193
Russia,RUS,2001,0.369251149,50251.87891,11391.19434,0.727,11.4,-15.94,28046.44531,73.34600067,3.505556152
Russia,RUS,2002,0.372838298,50259.44922,12259.47656,0.732,11.4,-8.1,30729.30273,73.34100342,3.263209473
Russia,RUS,2003,0.399715701,51506.96484,13521.23926,0.74,11.4,-13.38,34237.05859,73.3730011,3.129242188
Russia,RUS,2004,0.403158422,52151.95703,14880.97852,0.746,11.4,-7.62,37396.23047,73.41799927,3.522484619
Russia,RUS,2005,0.412656056,52229.35156,16243.10059,0.752,11.4,-12.38,38435.77734,73.46299744,3.449064697
Russia,RUS,2006,0.409509505,54649.63672,18008.33594,0.759,11.4,-15.81,39435.20313,73.50800323,3.448191162
Russia,RUS,2007,0.42272473,54990.87891,20018.12305,0.767,11.4,-12.8,40372.10938,73.5530014,3.503661621
Russia,RUS,2008,0.415685851,55250.91797,21563.46094,0.774,11.4,-17.63,40127.23047,73.59799957,3.241817139
Russia,RUS,2009,0.398456009,52482.74609,20335.55859,0.771,11.5,-14.86,40682.17188,73.64199829,3.403745117
Russia,RUS,2010,0.395489776,54464.85547,21737.38477,0.78,11.5,-17.45,41526.77344,73.68699646,3.230776855
Russia,RUS,2011,0.397493144,56231.45313,23130,0.789,11.6,-22.55,42040.60547,73.73200226,3.140681641
Russia,RUS,2012,0.407148269,56244.02734,23931,0.798,11.7,-16.48,42543.02344,73.79100037,3.122045898
Russia,RUS,2013,0.408844243,55405.80469,24224,0.804,11.8,-13.68,42887.51563,73.86299896,3.429989746
Russia,RUS,2014,0.398812219,55408.23438,24387,0.807,11.9,-8.05,43204.70313,73.94999695,3.262001953
Russia,RUS,2015,0.377408416,54351.13281,23691,0.813,12,-11.66,43681.35547,74.05000305,3.138019287
Russia,RUS,2016,0.368484993,55437.67578,23635,0.815,12,-14.5,44708.96484,74.16400146,3.421283447
Russia,RUS,2017,0.37239071,55675.09766,24042.63477,0.816,12,-10.6,44636.11328,74.29199982,3.408021729
Slovakia,SVK,1996,0.262776853,39222.01953,12622.90918,0.754,11.2,3.52,198.1306305,56.47600174,2.321202637
Slovakia,SVK,2004,0.289373885,39559.375,16570.86133,0.785,10.6,-1.86,105.9606094,55.71300125,2.146093018
Slovakia,SVK,2005,0.29834425,41708.82813,17649.51953,0.794,10.8,-3.27,86.21845245,55.56299973,2.41987915
Slovakia,SVK,2006,0.277095102,40268,19099.42773,0.803,10.9,-2.33,76.36894989,55.41199875,2.494299805
Slovakia,SVK,2007,0.280048336,37770.00781,21109.93945,0.814,11.1,1.73,59.12414169,55.26100159,2.548220215
Slovakia,SVK,2008,0.268743958,39079.17188,22231.98828,0.822,11.2,0.52,51.86894608,55.11100006,2.433749268
Slovakia,SVK,2009,0.260160967,35583.30078,20953.03711,0.824,11.4,1.31,24.62386131,54.95999908,2.608983154
Slovakia,SVK,2010,0.273157199,37883.23828,21941.21289,0.829,11.6,1.04,24.61067772,54.68500137,3.021628662
Slovakia,SVK,2011,0.265383783,36421.82813,22483,0.837,12.1,0.73,24.58956909,54.41999817,2.543827881
Slovakia,SVK,2012,0.261162957,34960.80859,22816,0.842,12.3,0.39,24.62983131,54.27999878,2.802006104
Slovakia,SVK,2013,0.280862088,35796.80469,23132,0.844,12.2,0.09,24.53156662,54.13999939,3.219712891
Slovakia,SVK,2014,0.26106635,33376.5625,23703,0.845,12.3,1.1,24.49958801,54,3.289407471
Slovakia,SVK,2015,0.264916569,33661.88281,24588,0.851,12.5,2.39,24.46886635,53.88899994,3.244632813
Slovakia,SVK,2016,0.251677467,33776.46094,25364,0.853,12.5,2.65,24.50714874,53.80599976,3.376613525
Slovenia,SVN,1993,0.291849925,33319.67969,15872.12012,0.769,11.1,-1.42,0,50.56900024,4.485975098
Slovenia,SVN,1997,0.241215008,40218.33203,19258.94531,0.796,11.4,-1.7,0,50.67499924,4.598868652
Slovenia,SVN,1998,0.284066834,40332.36719,19851.05664,0.805,11.4,-1.92,0,50.70100021,5.133186523
Slovenia,SVN,1999,0.240428866,39910.70313,20793.91797,0.819,11.5,-1.34,0,50.72800064,5.612296387
Slovenia,SVN,2002,0.291216106,41149.77344,22725.3125,0.843,11.5,-1.13,4.398640156,50.85699844,5.029879395
Slovenia,SVN,2003,0.308660228,40351.50391,23257.42188,0.85,11.5,0.16,3.143061161,51.08200073,4.509944336
Slovenia,SVN,2004,0.247907384,42799.28125,24150.58398,0.857,12,-0.76,1.886537671,51.30799866,6.123234863
Slovenia,SVN,2005,0.246348632,42700.67188,24966.93945,0.861,11.7,-0.32,1.558566928,51.53300095,5.143621582
Slovenia,SVN,2006,0.243639268,42925.03906,26182.7793,0.869,11.8,0.04,1.55276978,51.75799942,5.260554688
Slovenia,SVN,2007,0.243547532,42476.01172,27832.76367,0.873,11.8,0.23,1.545283556,51.98300171,4.75466748
Slovenia,SVN,2008,0.23718019,46287.62109,28473.5957,0.878,11.9,-1.6,1.551441073,52.20899963,6.041647949
Slovenia,SVN,2009,0.247877353,42534.57813,25905.51367,0.878,12.1,-3.06,1.528811812,52.43299866,6.782796875
Slovenia,SVN,2010,0.249332595,42411.10156,26000.91992,0.882,12.1,-2.12,1.521682262,52.65800095,6.499970703
Slovenia,SVN,2011,0.248680337,41015.90234,26004,0.884,12.2,-1.37,1.515790701,52.88299942,5.271267578
Slovenia,SVN,2012,0.255855023,39730.51172,25252,0.877,11.7,-1.04,1.525222659,53.10800171,5.826569336
Slovenia,SVN,2013,0.262411044,39204.09766,24944,0.885,11.7,-1.29,1.50709033,53.33200073,6.808124023
Slovenia,SVN,2014,0.256575347,40131.55469,25693,0.887,11.9,-2.74,1.50390625,53.55699921,8.724441406
Slovenia,SVN,2015,0.254084646,36127.53125,26268,0.889,12,-0.05,1.501211762,53.78099823,5.72672998
Slovenia,SVN,2016,0.247579359,38558.47266,26908,0.894,12.3,-1.18,1.513177991,54.02000046,6.599624512
South Africa,ZAF,2000,0.577696618,26360.75977,7582.77832,0.63,8.8,1.33,436.6191101,56.89099884,0.106908295
South Africa,ZAF,2005,0.647624886,27141.77734,9393.693359,0.614,8.9,-3.68,497.5553284,59.5359993,0.109743401
South Africa,ZAF,2008,0.630089973,29323.49023,10977.14648,0.633,9.7,-3.6,228.8877869,61.15399933,0.10276442
South Africa,ZAF,2010,0.63383188,28560.82227,11318.60449,0.649,10,-2.47,89.90078735,62.2179985,0.089975159
South Africa,ZAF,2014,0.630260727,26501.65625,12242,0.685,10,-2.66,78.94074249,64.31199646,0.216809586
South Korea,KOR,2006,0.317029842,54634.96094,28516.48438,0.862,11.4,0,0,81.52799988,0.246003128
South Korea,KOR,2008,0.323248326,56853.88672,30117.72852,0.874,11.6,0,0,81.73300171,0.300953949
South Korea,KOR,2010,0.320212246,61460.48438,31537.77344,0.884,11.8,0,0,81.93599701,0.565165466
South Korea,KOR,2012,0.315580517,64587.00391,32791,0.89,11.9,0,0,81.85099792,0.832192322
South Korea,KOR,2014,0.311929046,64728.52344,34493,0.896,12.1,0,0,81.70700073,1.141859741
South Korea,KOR,2016,0.314048565,67265.79688,36103,0.9,12.1,0,0,81.56199646,1.363351318
Spain,ESP,1990,0.32023741,27262.39063,19215,0.754,6.52,-0.42,383.1944275,75.35099792,1.962583984
Spain,ESP,1995,0.366541199,30648.13086,21522.09766,0.8,7.7,4.49,247.9406433,75.85600281,1.819972534
Spain,ESP,2000,0.342510455,37419.38672,26994.85938,0.825,8.4,4.44,72.22071838,76.26200104,2.622436768
Spain,ESP,2003,0.31804665,40070.69922,29371.86523,0.833,8.6,1.26,95.84107971,76.77799988,3.910460693
Spain,ESP,2004,0.333052924,40854.25,30088.0918,0.837,8.6,-3.03,85.93077087,77.02200317,3.448467773
Spain,ESP,2005,0.324356387,40469.85156,30885.60156,0.844,8.9,-1.34,43.48488998,77.26300049,2.801927734
Spain,ESP,2006,0.335452265,40403.71094,31907.42383,0.848,9,-3.28,41.43057632,77.5019989,3.378123291
Spain,ESP,2007,0.34138834,40652.96484,32735.43359,0.853,9.1,-5.75,37.43284607,77.73999786,3.685117188
Spain,ESP,2008,0.342215725,38981.14453,32844.32422,0.856,9.2,-11.04,35.9193573,77.97599792,3.877988525
Spain,ESP,2009,0.349261256,35738.05078,31669.69141,0.858,9.3,-8.1,31.04574203,78.20999908,4.525187988
Spain,ESP,2010,0.352468371,36433.95313,31786.4043,0.865,9.4,-8.33,33.92042923,78.44200134,6.100064941
Spain,ESP,2011,0.356986043,35630.37891,31600,0.87,9.5,-6.09,28.48108673,78.67299652,5.513243164
Spain,ESP,2012,0.354063304,35448.73828,30699,0.873,9.5,-11.2,39.58887863,78.90200043,5.632724121
Spain,ESP,2013,0.361851672,33770.98047,30280,0.875,9.5,-6.75,96.74099731,79.13300323,6.720865234
Spain,ESP,2014,0.360544135,33253.95703,30819,0.88,9.7,-3.41,82.66849518,79.36599731,6.68023877
Spain,ESP,2015,0.361814192,33745.39453,31847,0.885,9.7,-0.13,61.67905807,79.60199738,5.908110352
Spain,ESP,2016,0.357598942,34094.64453,30110,0.889,9.8,7.67,35.4814682,79.83999634,6.344961914
Sri Lanka,LKA,2002,0.401719063,2807.040283,5721.308594,0.697,10.2,0,0,18.34900093,0.414267883
Sri Lanka,LKA,2006,0.396690194,3367.898438,6904.036133,0.724,10.5,0,0,18.28800011,0.672211914
Sri Lanka,LKA,2009,0.360541525,3203.210938,7796.647461,0.74,10.9,0,0,18.24200058,0.545080261
Sri Lanka,LKA,2012,0.387136085,3796.52124,9678,0.757,10.9,0,0,18.19599915,0.46536145
Sri Lanka,LKA,2016,0.393457734,4939.557617,11149,0.768,10.9,0,0,18.31100082,0.604297546
Sweden,SWE,1992,0.249087335,75053.07813,27198.5293,0.821,10.7,-2.16,0,83.36100006,26.0629043
Sweden,SWE,1995,0.252365056,73834.9375,28519.44336,0.856,10.9,-1.68,0,83.8239975,23.67327539
Sweden,SWE,2000,0.272364418,71999.0625,34202.60547,0.897,11.4,4.68,0,84.02600098,27.78855078
Sweden,SWE,2003,0.252697464,68724.20313,36435.75391,0.908,11.8,12.83,0,84.19599915,19.17507227
Sweden,SWE,2004,0.261421744,73703.42969,38016.0625,0.896,12.3,-2.1,0,84.25800323,22.24930078
Sweden,SWE,2005,0.268256759,75325.78125,39258.99219,0.899,12.4,-7.39,0,84.31900024,26.16221289
Sweden,SWE,2006,0.263524928,70338.25781,40992.30078,0.902,12.4,6.04,0,84.43000031,22.74125586
Sweden,SWE,2007,0.271161052,70878.36719,42399.84375,0.905,12.5,1.32,0,84.58799744,24.52322461
Sweden,SWE,2008,0.281213356,69228.59375,42189.96484,0.901,12.2,-1.96,0,84.7460022,25.56505859
Sweden,SWE,2009,0.273414697,62963.44531,40116.3125,0.899,12.2,4.69,0,84.90200043,24.64514648
Sweden,SWE,2010,0.277381608,66201.17188,42634.75391,0.905,12.3,2.08,0,85.05599976,25.38910547
Sweden,SWE,2011,0.276066224,64925.12109,42079,0.906,12.4,-7.23,0,85.29699707,25.87988281
Sweden,SWE,2012,0.276453794,68370.30469,41650,0.908,12.4,-19.57,0,85.62000275,29.60826367
Sweden,SWE,2013,0.288252206,63555.34766,41811,0.912,12.2,-10,0,85.93599701,24.75789063
Sweden,SWE,2014,0.283897227,62778.60156,42476,0.92,12.3,-15.62,0,86.24700165,25.51855859
Sweden,SWE,2015,0.292101908,64414.26953,43746,0.929,12.4,-22.6,0,86.5530014,30.01680664
Sweden,SWE,2016,0.295621745,62790.32031,44659,0.932,12.4,-11.73,0,86.85199738,26.42386133
Switzerland,CHE,2000,0.334310552,51000.60156,43251.10547,0.889,11.4,-7.07,0,73.38300323,15.62594727
Switzerland,CHE,2002,0.316867314,50169.72656,44934.31641,0.891,11.7,-4.51,0,73.40100098,14.62815332
Switzerland,CHE,2006,0.339188077,47269.94922,51862.96484,0.912,12.3,2.7,0,73.5039978,12.3134375
Switzerland,CHE,2007,0.342555348,46251.09375,54509.53906,0.915,12.6,-2.06,0,73.52999878,13.74211328
Switzerland,CHE,2008,0.337946999,47251.40234,56054.88281,0.917,12.9,-1.13,0,73.55599976,13.82077148
Switzerland,CHE,2009,0.328558563,46559.67578,55171.5,0.927,13.3,-2.16,0,73.58100128,13.47097559
Switzerland,CHE,2010,0.325530304,44793.81641,57219.5,0.932,13.3,0.52,0,73.60700226,13.38554297
Switzerland,CHE,2011,0.317136185,41992.48828,58686,0.932,13.3,2.59,0,73.6309967,11.94384668
Switzerland,CHE,2012,0.315671265,43822.40625,58674,0.935,13.4,-2.2,0,73.65299988,13.95922363
Switzerland,CHE,2013,0.324621873,44401.46094,59036,0.938,13.4,-2.4,0,73.6740036,13.7590332
Switzerland,CHE,2014,0.325256587,41887.41797,59485,0.939,13.4,-5.49,0,73.69599915,13.51974609
Switzerland,CHE,2015,0.323069572,40509.34766,59307,0.942,13.4,-1.03,0,73.71800232,13.43395215
Switzerland,CHE,2016,0.33042451,37723.59375,59662,0.943,13.4,3.92,0,73.73899841,12.17996973
Thailand,THA,2000,0.428336678,11785.84668,9627.104492,0.649,6.1,2.82,1317.330444,31.38599968,0.303439514
Thailand,THA,2002,0.419444959,13239.70605,10276.39844,0.666,6.5,2.62,1551.947632,33.73400116,0.373099396
Thailand,THA,2004,0.425403126,15235.43945,11408.32617,0.683,6.8,3.12,1747.904785,36.16899872,0.352448975
Thailand,THA,2006,0.418190339,15855.19434,12180.71094,0.699,7,4.57,2295.326416,38.67300034,0.472140137
Thailand,THA,2007,0.397615164,16463.36328,12694.71484,0.71,7.1,3.74,2407.684082,39.95000076,0.48342511
Thailand,THA,2008,0.402882739,16608.78125,12768.12891,0.714,7.3,1.82,2529.231689,41.24200058,0.489673523
Thailand,THA,2009,0.396012638,17154.9375,12543.39844,0.718,7.5,1.15,2606.706299,42.54299927,0.523246643
Thailand,THA,2010,0.394027714,18191.40234,13343.54688,0.724,7.7,5.94,2635.939453,43.85599899,0.510536194
Thailand,THA,2011,0.374590334,18568.32227,13318,0.727,7.5,9.44,2724.09082,44.69800186,0.641970032
Thailand,THA,2012,0.392566692,19794.80664,14227,0.731,7.7,8.62,2961.065674,45.44499969,0.74637793
Thailand,THA,2013,0.378471082,19811.4043,14562,0.728,7.5,10.78,2917.470459,46.19300079,0.764552734
Thailand,THA,2014,0.37032664,20343.91602,14642,0.735,7.6,10.19,2869.641846,46.94300079,0.866446533
Thailand,THA,2015,0.359873327,20715.24219,15020,0.741,7.6,12.15,2978.51416,47.69400024,0.868171936
Thailand,THA,2016,0.368906279,21058.52148,15454,0.748,7.6,18.39,3056.728516,48.44800186,0.968686829
Thailand,THA,2017,0.36528755,21356.77344,16032.21582,0.755,7.6,23.32,2951.278076,49.20000076,1.133260132
Turkey,TUR,1994,0.413152024,11030.25,9308.695313,0.599,4.8,-0.54,800.2788696,61.59000015,1.577874634
Turkey,TUR,2002,0.413963778,13195.61426,11753.95313,0.672,5.7,3.15,458.4085388,65.97399902,1.522219116
Turkey,TUR,2003,0.421843381,13773.59277,12380.20703,0.679,5.8,0.57,437.2988892,66.60199738,1.560564331
Turkey,TUR,2004,0.41287508,14546.57129,13423.79492,0.685,5.9,-0.68,406.1462708,67.22499847,1.991671753
Turkey,TUR,2005,0.426146563,14678.95215,14487.75781,0.69,6,-1.16,411.4953308,67.83999634,1.676128418
Turkey,TUR,2006,0.396474127,16083.24902,15425.18848,0.701,6.1,-1.66,392.3150024,68.44999695,1.842644897
Turkey,TUR,2007,0.38442799,16877.33398,16090.83496,0.708,6.2,-1.56,377.0320435,69.0530014,1.481743652
Turkey,TUR,2008,0.3902054,16733.42578,16182.73242,0.71,6.3,-0.33,378.8748169,69.65100098,1.374081787
Turkey,TUR,2009,0.389653091,16744.875,15188.41992,0.718,6.5,-0.73,414.5099487,70.24099731,1.494202759
Turkey,TUR,2010,0.387850803,17418.4043,16528.11914,0.734,6.7,-0.77,427.5996704,70.82499695,2.138984619
Turkey,TUR,2011,0.400393548,18326.6582,17919,0.753,7.2,0.91,398.4500122,71.40200043,2.183398193
Turkey,TUR,2012,0.401689369,19147.65234,18170,0.76,7.5,2.87,384.653656,71.97399902,2.397815674
Turkey,TUR,2013,0.401784979,18691.12305,18788,0.771,7.7,6.2,389.6948547,72.53099823,2.488390869
Turkey,TUR,2014,0.412365629,18932.56445,19277,0.778,7.6,5.26,394.9414368,73.07700348,1.849565186
Turkey,TUR,2015,0.428544577,20421.12305,19836,0.783,7.8,3.94,395.2331848,73.61100006,2.871988281
Turkey,TUR,2016,0.418737048,21132.18555,17906,0.787,8,4.88,397.8076477,74.13400269,3.059842041
Ukraine,UKR,1992,0.297089214,49217.26953,8130.276855,0.692,9.5,-5.09,1091.967163,66.83499908,0.453360168
Ukraine,UKR,1993,0.289269836,43227.80078,7090.257324,0.681,9.7,-1.54,1034.813354,66.87400055,0.636101746
Ukraine,UKR,1995,0.392875361,36338.26953,5024.181641,0.664,10,-2.95,1012.63269,66.9509964,0.578167542
Ukraine,UKR,1996,0.351559473,34085.73047,4636.626465,0.661,10.2,-2.02,1027.034058,66.98999786,0.504636108
Ukraine,UKR,1999,0.289614644,32067.84375,4751.316406,0.667,10.6,-3.44,965.4197388,67.10600281,0.859522339
Ukraine,UKR,2002,0.290456955,32372.58789,6262.982422,0.689,10.5,-3.12,978.6317139,67.28299713,0.586990723
Ukraine,UKR,2003,0.286648936,33456.18359,7029.570313,0.699,10.6,-4.94,1039.731079,67.42700195,0.564940247
Ukraine,UKR,2004,0.289340164,33586.53516,8049.395508,0.706,10.7,-5.33,1141.859985,67.59700012,0.719291687
Ukraine,UKR,2005,0.290207136,34238.98828,8496.676758,0.715,11.2,-8.35,1177.476074,67.79000092,0.757274658
Ukraine,UKR,2006,0.297943923,34853.50391,9355.988281,0.721,11.2,-10.44,1229.131714,67.96900177,0.788833374
Ukraine,UKR,2007,0.270126865,34893.44531,10355.81836,0.729,11.2,-9.17,1212.361206,68.14700317,0.64065448
Ukraine,UKR,2008,0.266382302,33840.90625,10824.07617,0.733,11.3,-6.73,1135.151489,68.32499695,0.721826477
Ukraine,UKR,2009,0.253166637,28943.45117,9381.224609,0.727,11.3,-4.27,1070.984131,68.5019989,0.737370483
Ukraine,UKR,2010,0.248189756,31160.72852,9601.208984,0.733,11.3,-4.06,959.0450439,68.59600067,0.81331366
Ukraine,UKR,2011,0.245518438,32326.8125,10333,0.738,11.3,-6.29,908.7590942,68.68900299,0.678387451
Ukraine,UKR,2012,0.247406569,31746.28516,10383,0.743,11.3,-11.47,918.4394531,68.78199768,0.679010132
Ukraine,UKR,2013,0.245549855,30241.98633,10404,0.745,11.3,-9.89,849.0212402,68.875,0.910641846
Ukraine,UKR,2014,0.240253659,26786.29297,9818,0.748,11.3,-8.43,757.472168,68.96800232,0.611982666
Ukraine,UKR,2015,0.254575403,22336.85156,8961,0.743,11.3,-1.35,679.0563965,69.06099701,0.427376892
Ukraine,UKR,2016,0.25002203,23482.62695,9214,0.746,11.3,-3.75,633.8262939,69.15399933,0.555753296
United Arab Emirates,ARE,2013,0.325104209,123206.8203,70791,0.851,10.3,-0.02,205805.2031,85.06600189,0.025787203
United Kingdom,GBR,1991,0.359274003,44705.55859,25792.01367,0.788,8.6,16.41,18525.73047,78.11199951,0.27289801
United Kingdom,GBR,1994,0.359789229,44038.67578,27277.54297,0.827,10.7,16.89,25477.79102,78.29299927,0.3634841
United Kingdom,GBR,1995,0.355166401,44060.71484,27861.21484,0.839,11.4,16.31,26076.35742,78.35299683,0.347911713
United Kingdom,GBR,1996,0.352952405,46052.85156,28472.24805,0.844,11.4,16.75,25964.47266,78.41300201,0.296754852
United Kingdom,GBR,1997,0.357351644,45105.80859,29259.76367,0.849,11.5,16.57,25507.5918,78.47200012,0.372278503
United Kingdom,GBR,1998,0.366214727,45430.89844,30077.38477,0.855,11.5,12.71,26363.40039,78.53199768,0.447765686
United Kingdom,GBR,1999,0.367837793,45044.78516,30932.53711,0.861,11.6,14.24,27155.54883,78.59100342,0.497992798
United Kingdom,GBR,2000,0.396101349,45219.74219,31946.03711,0.867,11.7,14.17,24917.63672,78.65100098,0.513043945
United Kingdom,GBR,2001,0.379033709,45490.87891,32660.44141,0.871,11.8,10.4,22951.14063,78.75099945,0.493882874
United Kingdom,GBR,2002,0.357194582,44367.56641,33271.30078,0.874,11.9,8.41,22729.07617,79.04699707,0.571285339
United Kingdom,GBR,2003,0.355040542,44893.49219,34232.42578,0.878,12,2.16,20711.86328,79.33899689,0.554090576
United Kingdom,GBR,2004,0.360015022,44899.73828,34865.78125,0.886,12.1,7.49,18525.94922,79.6289978,0.722164978
United Kingdom,GBR,2005,0.342732671,45092.97656,35623.625,0.891,12.2,8.32,16343.34277,79.91500092,0.867901367
United Kingdom,GBR,2006,0.346089371,44152.36719,36214.07031,0.889,12.4,7.52,14642.88965,80.1989975,0.934400574
United Kingdom,GBR,2007,0.356976124,42391.53516,36816.67578,0.892,12.6,5.21,14491.35254,80.47899628,1.026769653
United Kingdom,GBR,2008,0.341424672,41156.64453,36264.78906,0.896,12.8,11.02,13434.75488,80.75700378,1.198497437
United Kingdom,GBR,2009,0.342699528,38712.05078,34402.35938,0.899,13.1,2.86,12624.00879,81.03099823,1.372498901
United Kingdom,GBR,2010,0.343899337,39228.01172,34754.47266,0.905,13.2,2.66,11538.69922,81.30200195,1.435403931
United Kingdom,GBR,2011,0.331652452,36800.8125,34971,0.899,13,6.22,9441.129883,81.56999969,1.799974487
United Kingdom,GBR,2012,0.323450972,36969.95313,35185,0.898,12.9,11.86,8031.614258,81.83699799,2.016269897
United Kingdom,GBR,2013,0.332089732,36581.52734,35618,0.915,12.6,14.43,7274.366211,82.10199738,2.544144775
United Kingdom,GBR,2014,0.340489265,34309.67188,36436,0.919,12.7,20.52,7097.830566,82.36499786,3.045734131
United Kingdom,GBR,2015,0.332350808,34571.11328,36941,0.918,12.8,21.11,7997.192383,82.62599945,3.79473999
United Kingdom,GBR,2016,0.347796148,33979.8125,37334,0.92,12.9,17.75,8322.738281,82.88600159,3.75056665
United Kingdom,GBR,2017,0.351488307,33675.21484,37782.82813,0.922,12.9,14.76,8127.249512,83.14299774,4.360349609
United States,USA,2000,0.401406851,94229.3125,45886.46875,0.885,12.7,33.76,14349.33984,79.05699921,3.794951416
United States,USA,2001,0.405967813,91047.26563,45878.00781,0.887,12.7,22.03,14077.73145,79.23400116,3.115064697
United States,USA,2002,0.403544463,91541.03906,46266.29688,0.889,12.7,20.98,13841.41113,79.40899658,3.675836914
United States,USA,2003,0.407725912,91023.79688,47157.99609,0.893,12.8,6.42,13345.06152,79.58300018,3.804831055
United States,USA,2004,0.402533539,92003.14844,48492.71875,0.895,12.8,11.31,12942.84668,79.75700378,3.773519775
United States,USA,2005,0.409653696,91222.79688,49654.76172,0.898,12.8,24.78,12181.73438,79.9280014,3.848900391
United States,USA,2006,0.41398576,89663.52344,50489.85938,0.901,12.8,18.42,11893.41797,80.09899902,4.195230957
United States,USA,2007,0.407985674,90030.03125,50901.74609,0.905,12.9,31.25,11798.99414,80.26899719,3.937020752
United States,USA,2008,0.408121927,87007.35156,50275.74609,0.91,13.2,32.82,11581.56641,80.43800354,4.35432666
United States,USA,2009,0.406108136,81961.84375,48452.93359,0.91,13.2,34.05,12248.0791,80.60600281,4.753791992
United States,USA,2010,0.40010713,83983.50781,49266.91406,0.914,13.2,25.98,12538.29785,80.77200317,4.905102051
United States,USA,2011,0.409371125,82565.40625,49675,0.917,13.3,37.25,12930.33691,80.94400024,5.694799805
United States,USA,2012,0.409368614,79759.125,50394,0.918,13.3,47.26,14637.12793,81.1190033,5.492479492
United States,USA,2013,0.406520119,81313.85938,50863,0.916,13.2,57.88,16492.375,81.2990036,5.801432617
United States,USA,2014,0.41511606,81576.35938,51664,0.918,13.3,53.21,19147.46094,81.48300171,5.924801758
United States,USA,2015,0.412387776,80239.25,52591,0.92,13.3,66.67,20554.95313,81.67099762,5.992863281
United States,USA,2016,0.41121886,79634.29688,53015,0.922,13.4,66.5,19535.74609,81.86199951,6.59777002
United States,USA,2017,0.411805587,79422.46875,54007.76953,0.924,13.4,56.31,20539.83398,82.05799866,7.213187012
Uzbekistan,UZB,2000,0.361028142,24204.64844,4667.259766,0.595,9.1,1.28,3538.305664,46.12599945,0.701823608
Uzbekistan,UZB,2002,0.330436809,24251.68164,4777.288574,0.609,9.4,-0.08,3308.070801,47.08800125,0.709992859
Uzbekistan,UZB,2003,0.352687973,21959.91016,4844.72998,0.614,9.5,-0.08,3237.858643,47.57099915,0.80585376
Venezuela,VEN,2001,0.472314213,34495.625,14298.03711,0.68,6.4,-0.03,76930.625,87.84999847,7.204392578
Venezuela,VEN,2002,0.49013414,34265.98438,12856.04883,0.688,6.8,0.14,70750.79688,87.87599945,6.922990723
Venezuela,VEN,2003,0.481023205,31456.99609,11728.18262,0.687,7,-0.41,67124.92969,87.90200043,6.870416992
Venezuela,VEN,2004,0.475041249,33581.82813,13713.04492,0.7,7.2,-0.48,76123.73438,87.9280014,7.767624023
Venezuela,VEN,2005,0.494591771,34038.77734,14944.33984,0.714,7.4,-0.58,74538.23438,87.95400238,8.350957031
Venezuela,VEN,2006,0.447704983,35356.32422,16253.68555,0.727,7.6,-0.55,74129.44531,87.98000336,8.627644531
Vietnam,VNM,2002,0.370296242,3247.160156,3070.693604,0.595,5.8,0,2455.105469,25.51099968,0.651466675
Vietnam,VNM,2004,0.367858307,4186.885742,3437.664307,0.612,6.2,0,2858.256104,26.68300056,0.618149841
Vietnam,VNM,2006,0.357886156,4005.885986,3828.907715,0.624,6.6,0.97,2356.442139,27.88800049,0.66526709
Vietnam,VNM,2008,0.355703125,5301.373535,4200.235352,0.64,7,3.22,2044.878418,29.12800026,0.848724304
Vietnam,VNM,2010,0.392527248,6141.180176,4571.848633,0.654,7.5,4.64,2016.960327,30.41699982,0.903474487
Vietnam,VNM,2012,0.356458864,6973.534668,4984,0.67,7.8,1.45,2200.87207,31.75200081,1.631029419
Vietnam,VNM,2014,0.347553755,7976.73877,5455,0.678,7.8,1.44,2010.278687,33.11500168,1.840550293
Vietnam,VNM,2016,0.352667389,9606.198242,6062,0.689,8.1,1.33,1926.442505,34.50999832,1.842652588
