Entity,Code,Year,Gini coefficient
Albania,ALB,1996,0.2701034197508885
Albania,ALB,2002,0.3173897983352211
Albania,ALB,2005,0.3059565572811917
Albania,ALB,2008,0.2998467042234797
Albania,ALB,2012,0.2896048455859209
Albania,ALB,2014,0.3459889646678993
Albania,ALB,2015,0.3275373177638622
Albania,ALB,2016,0.3373629871613544
Albania,ALB,2017,0.330556627406811
Albania,ALB,2018,0.3014828173658326
Albania,ALB,2019,0.3077173903513966
Algeria,DZA,1988,0.4019490917151458
Algeria,DZA,1995,0.3533005431139451
Algeria,DZA,2011,0.2761573091623685
Angola,AGO,2000,0.5195689249112876
Angola,AGO,2008,0.427155149878257
Angola,AGO,2018,0.5127211119824917
Argentina - urban,,1980,0.4083086045604474
Argentina - urban,,1986,0.4280888699353998
Argentina - urban,,1987,0.45276366076962
Argentina - urban,,1991,0.4676173910594
Argentina - urban,,1992,0.4546809298082467
Argentina - urban,,1993,0.4485628585171292
Argentina - urban,,1994,0.4591680359255017
Argentina - urban,,1995,0.4890440325027265
Argentina - urban,,1996,0.4952442938019691
Argentina - urban,,1997,0.4911047521919295
Argentina - urban,,1998,0.507336437789718
Argentina - urban,,1999,0.4979204137208139
Argentina - urban,,2000,0.5106395767594252
Argentina - urban,,2001,0.5334310600620975
Argentina - urban,,2002,0.537937583377964
Argentina - urban,,2003,0.5089715698379784
Argentina - urban,,2004,0.4837703458741336
Argentina - urban,,2005,0.4770735509214673
Argentina - urban,,2006,0.4634607996716353
Argentina - urban,,2007,0.4617355631333476
Argentina - urban,,2008,0.4487679026711821
Argentina - urban,,2009,0.4365419704989163
Argentina - urban,,2010,0.4358321825728346
Argentina - urban,,2011,0.4264528063979222
Argentina - urban,,2012,0.4132619793924652
Argentina - urban,,2013,0.4094544219759075
Argentina - urban,,2014,0.4163278985481589
Argentina - urban,,2016,0.4203252890095214
Argentina - urban,,2017,0.4113448843872838
Argentina - urban,,2018,0.413424983747329
Argentina - urban,,2019,0.4290585043967283
Argentina - urban,,2020,0.4234329107083751
Armenia,ARM,1996,0.4441862299727733
Armenia,ARM,1999,0.3621972429976161
Armenia,ARM,2001,0.3536435897259906
Armenia,ARM,2002,0.3477967434362492
Armenia,ARM,2003,0.3302808687042925
Armenia,ARM,2004,0.3750563253607403
Armenia,ARM,2005,0.3599235344377731
Armenia,ARM,2006,0.297099847661435
Armenia,ARM,2007,0.3122605825894329
Armenia,ARM,2008,0.2918814172710552
Armenia,ARM,2009,0.2801587740164225
Armenia,ARM,2010,0.2999258234323411
Armenia,ARM,2011,0.2935294582000863
Armenia,ARM,2012,0.2960226142586567
Armenia,ARM,2013,0.3057966315233129
Armenia,ARM,2014,0.3148329065365821
Armenia,ARM,2015,0.3235677179616022
Armenia,ARM,2016,0.3254794835583837
Armenia,ARM,2017,0.3362183736332038
Armenia,ARM,2018,0.344334976829172
Armenia,ARM,2019,0.2987820712565889
Armenia,ARM,2020,0.2517174260144776
Australia,AUS,1981,0.3132578703020214
Australia,AUS,1985,0.3249768527838415
Australia,AUS,1989,0.3315383472483562
Australia,AUS,1995,0.325819904320173
Australia,AUS,2001,0.3346479770968015
Australia,AUS,2003,0.3350051608424518
Australia,AUS,2004,0.3305740947224963
Australia,AUS,2008,0.3542850828048215
Australia,AUS,2010,0.3465672759564665
Australia,AUS,2014,0.3439943141661626
Australia,AUS,2016,0.3368581054524752
Australia,AUS,2018,0.3433376217623682
Austria,AUT,1987,0.2304449326095372
Austria,AUT,1994,0.3132234231243466
Austria,AUT,1995,0.3105926889369915
Austria,AUT,1997,0.3022985337525076
Austria,AUT,2000,0.288371060937149
Austria,AUT,2003,0.2946607790346398
Austria,AUT,2004,0.2978898976629073
Austria,AUT,2005,0.287154333323379
Austria,AUT,2006,0.2958758294195254
Austria,AUT,2007,0.3057999587867441
Austria,AUT,2008,0.3043738581765435
Austria,AUT,2009,0.3149623235037961
Austria,AUT,2010,0.3025226310416289
Austria,AUT,2011,0.3080166870334521
Austria,AUT,2012,0.3047631780126278
Austria,AUT,2013,0.3075313313570373
Austria,AUT,2014,0.305356827886501
Austria,AUT,2015,0.3053277503507727
Austria,AUT,2016,0.3079707399736262
Austria,AUT,2017,0.2973758498114096
Austria,AUT,2018,0.3084879012966293
Austria,AUT,2019,0.3021155153853716
Azerbaijan,AZE,1995,0.3465028521572113
Azerbaijan,AZE,2001,0.3645493642463828
Azerbaijan,AZE,2002,0.2527766621834776
Azerbaijan,AZE,2003,0.2683287793517457
Azerbaijan,AZE,2004,0.2662159251504222
Azerbaijan,AZE,2005,0.265549077050305
Bangladesh,BGD,1983,0.2587648986599902
Bangladesh,BGD,1988,0.2884654689790106
Bangladesh,BGD,1991,0.275708056020332
Bangladesh,BGD,1995,0.3294298287446643
Bangladesh,BGD,2000,0.3340653087476158
Bangladesh,BGD,2005,0.3320129205904341
Bangladesh,BGD,2010,0.321303193870502
Bangladesh,BGD,2016,0.3238527251961526
Belarus,BLR,1993,0.2160371933908537
Belarus,BLR,1995,0.2876173084753302
Belarus,BLR,1998,0.3201834983912742
Belarus,BLR,1999,0.3173814857685889
Belarus,BLR,2000,0.3116748363514919
Belarus,BLR,2001,0.3057672370556842
Belarus,BLR,2002,0.3033624417930313
Belarus,BLR,2003,0.288210117769894
Belarus,BLR,2004,0.2647988507787862
Belarus,BLR,2005,0.2755341068654983
Belarus,BLR,2006,0.2827544297264508
Belarus,BLR,2007,0.2961237986760703
Belarus,BLR,2008,0.2782604460351255
Belarus,BLR,2009,0.2768930630243374
Belarus,BLR,2010,0.2856659975885773
Belarus,BLR,2011,0.2715255170539885
Belarus,BLR,2012,0.2652619902105469
Belarus,BLR,2013,0.2657505248326819
Belarus,BLR,2014,0.2717666682882778
Belarus,BLR,2015,0.2563322626514249
Belarus,BLR,2016,0.2530661617188906
Belarus,BLR,2017,0.2544457003919788
Belarus,BLR,2018,0.2524052540652808
Belarus,BLR,2019,0.2527784767977112
Belarus,BLR,2020,0.2438335524432795
Belgium,BEL,1985,0.2520385152739536
Belgium,BEL,1988,0.2571468298703951
Belgium,BEL,1992,0.2495187729242224
Belgium,BEL,1995,0.2841226885973401
Belgium,BEL,1997,0.2683256291584537
Belgium,BEL,2000,0.3313755887661159
Belgium,BEL,2003,0.2814394845169312
Belgium,BEL,2004,0.3054150296364575
Belgium,BEL,2005,0.2933732909515497
Belgium,BEL,2006,0.2805449638673234
Belgium,BEL,2007,0.2923797441243262
Belgium,BEL,2008,0.2837401139633489
Belgium,BEL,2009,0.2855135024075317
Belgium,BEL,2010,0.2837519115298118
Belgium,BEL,2011,0.2806069560163895
Belgium,BEL,2012,0.274910949312405
Belgium,BEL,2013,0.2766920123064992
Belgium,BEL,2014,0.2813414586994207
Belgium,BEL,2015,0.2772946253185987
Belgium,BEL,2016,0.2758098191723335
Belgium,BEL,2017,0.2738796778815082
Belgium,BEL,2018,0.2721441373976798
Belgium,BEL,2019,0.2721980084354912
Belize,BLZ,1993,0.6025398602723078
Belize,BLZ,1994,0.6090842867641844
Belize,BLZ,1995,0.5755428322522762
Belize,BLZ,1996,0.5659368513763792
Belize,BLZ,1997,0.6042531532673726
Belize,BLZ,1998,0.5490602621687191
Belize,BLZ,1999,0.5326276590749404
Benin,BEN,2003,0.3857819910305444
Benin,BEN,2011,0.4343970705610367
Benin,BEN,2015,0.4775591412230904
Benin,BEN,2018,0.3780860003086335
Bhutan,BTN,2003,0.4089800090868365
Bhutan,BTN,2007,0.3809077219456558
Bhutan,BTN,2012,0.3880932705628996
Bhutan,BTN,2017,0.3744140955485155
Bolivia,BOL,1997,0.5816442840694718
Bolivia,BOL,1999,0.5809704566010023
Bolivia,BOL,2000,0.6163991506614825
Bolivia,BOL,2001,0.5739879614117966
Bolivia,BOL,2002,0.5931103912547762
Bolivia,BOL,2004,0.5500987226006857
Bolivia,BOL,2005,0.5852793340914588
Bolivia,BOL,2006,0.5666768184457031
Bolivia,BOL,2007,0.5453706872224717
Bolivia,BOL,2008,0.508160807354603
Bolivia,BOL,2009,0.4922296266832039
Bolivia,BOL,2011,0.4608095144896355
Bolivia,BOL,2012,0.4658523184958174
Bolivia,BOL,2013,0.4759878919235725
Bolivia,BOL,2014,0.4783199117796005
Bolivia,BOL,2015,0.4673995306110918
Bolivia,BOL,2016,0.4525066112052854
Bolivia,BOL,2017,0.4461611392622338
Bolivia,BOL,2018,0.4257950487106838
Bolivia,BOL,2019,0.4164963645690077
Bolivia,BOL,2020,0.436153287863421
Bolivia - urban,,1990,0.4203572274787535
Bolivia - urban,,1992,0.491100534350699
Bosnia and Herzegovina,BIH,2001,0.299664484890372
Bosnia and Herzegovina,BIH,2004,0.3403749008490955
Bosnia and Herzegovina,BIH,2007,0.3306158652666363
Bosnia and Herzegovina,BIH,2011,0.3303018586994583
Botswana,BWA,1985,0.5421210548710371
Botswana,BWA,1993,0.6079065038065183
Botswana,BWA,2002,0.6473130798051523
Botswana,BWA,2009,0.6045904680106251
Botswana,BWA,2015,0.5332502673276545
Brazil,BRA,1981,0.5793085113621366
Brazil,BRA,1982,0.5841710574036838
Brazil,BRA,1983,0.5898801128771057
Brazil,BRA,1984,0.5837604140721229
Brazil,BRA,1985,0.5558679149591075
Brazil,BRA,1986,0.5846461326214878
Brazil,BRA,1987,0.5969279041260677
Brazil,BRA,1988,0.614283583988664
Brazil,BRA,1989,0.6329512532201458
Brazil,BRA,1990,0.6048727251794812
Brazil,BRA,1992,0.5317295594941974
Brazil,BRA,1993,0.6011882146405485
Brazil,BRA,1995,0.5956972472537401
Brazil,BRA,1996,0.5988890701520498
Brazil,BRA,1997,0.5979965831130403
Brazil,BRA,1998,0.5960723125182708
Brazil,BRA,1999,0.5899159291180094
Brazil,BRA,2001,0.5841332770786818
Brazil,BRA,2002,0.581136431266806
Brazil,BRA,2003,0.5756279188014931
Brazil,BRA,2004,0.5647875163959137
Brazil,BRA,2005,0.5631629623740795
Brazil,BRA,2006,0.556473170728186
Brazil,BRA,2007,0.549277443332388
Brazil,BRA,2008,0.5404328002326653
Brazil,BRA,2009,0.5368723364252355
Brazil,BRA,2011,0.5294759256736237
Brazil,BRA,2012,0.5343985273622276
Brazil,BRA,2013,0.5268654026021167
Brazil,BRA,2014,0.520331403149989
Brazil,BRA,2015,0.5193082873055708
Brazil,BRA,2016,0.5334284483239768
Brazil,BRA,2017,0.5333405003578899
Brazil,BRA,2018,0.5387094736890694
Brazil,BRA,2019,0.5348577044340644
Brazil,BRA,2020,0.4888038087191716
Bulgaria,BGR,1989,0.2342718459378532
Bulgaria,BGR,1992,0.307143080005277
Bulgaria,BGR,1994,0.243219702692413
Bulgaria,BGR,1995,0.3277233801902764
Bulgaria,BGR,1997,0.2637824260585761
Bulgaria,BGR,2001,0.3268216141978437
Bulgaria,BGR,2003,0.2891790439797629
Bulgaria,BGR,2006,0.3570257336395637
Bulgaria,BGR,2007,0.2813634140559076
Bulgaria,BGR,2008,0.335731273727392
Bulgaria,BGR,2009,0.3382319878685359
Bulgaria,BGR,2010,0.3565357214346186
Bulgaria,BGR,2011,0.3427860770854689
Bulgaria,BGR,2012,0.360139230505351
Bulgaria,BGR,2013,0.3657364537318636
Bulgaria,BGR,2014,0.3741856838867721
Bulgaria,BGR,2015,0.3856734715099758
Bulgaria,BGR,2016,0.4059106371074086
Bulgaria,BGR,2017,0.4037904682486896
Bulgaria,BGR,2018,0.4128409897525426
Bulgaria,BGR,2019,0.402713839760816
Burkina Faso,BFA,1994,0.4807249341528258
Burkina Faso,BFA,1998,0.4994396986213498
Burkina Faso,BFA,2003,0.4325251140539696
Burkina Faso,BFA,2009,0.3976223641224575
Burkina Faso,BFA,2014,0.3530122754546736
Burkina Faso,BFA,2018,0.4734712783901176
Burundi,BDI,1992,0.3333381193765381
Burundi,BDI,1998,0.4231652584235382
Burundi,BDI,2006,0.3335986354923
Burundi,BDI,2013,0.3862481871355873
Cameroon,CMR,1996,0.4444675814039884
Cameroon,CMR,2001,0.4213679409584061
Cameroon,CMR,2007,0.4282006291689512
Cameroon,CMR,2014,0.4664087375714326
Canada,CAN,1971,0.3725714299369844
Canada,CAN,1975,0.3329836239689665
Canada,CAN,1981,0.324386360480684
Canada,CAN,1987,0.3147402595441589
Canada,CAN,1991,0.310210856918952
Canada,CAN,1994,0.3125573609717015
Canada,CAN,1997,0.3163096880430297
Canada,CAN,1998,0.3316102933185715
Canada,CAN,2000,0.3334390906142359
Canada,CAN,2004,0.337435608035605
Canada,CAN,2007,0.3384100789572702
Canada,CAN,2010,0.3359260336243562
Canada,CAN,2012,0.3353901078489351
Canada,CAN,2013,0.3379898215764888
Canada,CAN,2014,0.3315760596610752
Canada,CAN,2015,0.3374648246255682
Canada,CAN,2016,0.3270182369108442
Canada,CAN,2017,0.3330820627166964
Cape Verde,CPV,2001,0.5249630323032548
Cape Verde,CPV,2007,0.4718738891986336
Cape Verde,CPV,2015,0.4238108736078774
Central African Republic,CAF,1992,0.6133074610153955
Central African Republic,CAF,2008,0.5623660817940872
Chad,TCD,2003,0.3982457013478839
Chad,TCD,2011,0.4332121171502933
Chad,TCD,2018,0.3749915445789923
Chile,CHL,1987,0.5621015807083564
Chile,CHL,1990,0.5724910064009685
Chile,CHL,1992,0.5481448929154452
Chile,CHL,1994,0.5643359627305637
Chile,CHL,1996,0.5487367899494853
Chile,CHL,1998,0.5552206909520875
Chile,CHL,2000,0.527720090010792
Chile,CHL,2003,0.514898680135767
Chile,CHL,2006,0.4729481635631447
Chile,CHL,2009,0.4699121899672137
Chile,CHL,2011,0.4604834972301036
Chile,CHL,2013,0.4583110610507278
Chile,CHL,2015,0.4437132767263289
Chile,CHL,2017,0.4444102835148968
Chile,CHL,2020,0.4492093952055846
China,CHN,1981,0.2816409669780766
China,CHN,1984,0.271023016363232
China,CHN,1987,0.2938595833111216
China,CHN,1990,0.3222661822757224
China,CHN,1993,0.3387779950918823
China,CHN,1996,0.3522766011317756
China,CHN,1999,0.3870321518264391
China,CHN,2002,0.4198572424664066
China,CHN,2005,0.4090076676064087
China,CHN,2008,0.4296503847760148
China,CHN,2010,0.4374495331229313
China,CHN,2011,0.4240922425537677
China,CHN,2012,0.4223716576985828
China,CHN,2013,0.3973639842035479
China,CHN,2014,0.3917765226095057
China,CHN,2015,0.3859530243454563
China,CHN,2016,0.3848051863563073
China,CHN,2017,0.3907577594674056
China,CHN,2018,0.3849764207266088
China,CHN,2019,0.3816834246411923
China - rural,,1981,0.2472923310986202
China - rural,,1984,0.2668612778423447
China - rural,,1987,0.2945106402076705
China - rural,,1990,0.305734704516956
China - rural,,1993,0.3212646389219684
China - rural,,1996,0.3362044048180104
China - rural,,1999,0.3538941877965569
China - rural,,2002,0.3801935375167097
China - rural,,2005,0.3584920187775873
China - rural,,2008,0.3939905013619551
China - rural,,2010,0.406078874359751
China - rural,,2011,0.3849744698148677
China - rural,,2012,0.3949734673285792
China - rural,,2013,0.3397101115352584
China - rural,,2014,0.3375639043376066
China - rural,,2015,0.3324280730657205
China - rural,,2016,0.3317983763271288
China - rural,,2017,0.3425598634803609
China - rural,,2018,0.3354156467179975
China - rural,,2019,0.3267486211801867
China - urban,,1981,0.1846185725438894
China - urban,,1984,0.1779197839184239
China - urban,,1987,0.2019935409003995
China - urban,,1990,0.2559463985662914
China - urban,,1993,0.2846636013306517
China - urban,,1996,0.2908922811156638
China - urban,,1999,0.3154756447685234
China - urban,,2002,0.3346099846969703
China - urban,,2005,0.3479870663235639
China - urban,,2008,0.3515430567338135
China - urban,,2010,0.3574452290224402
China - urban,,2011,0.3555922604477313
China - urban,,2012,0.353533520994893
China - urban,,2013,0.3668623112407532
China - urban,,2014,0.3642967482734096
China - urban,,2015,0.3615622340427202
China - urban,,2016,0.3612482555073504
China - urban,,2017,0.3694192983317749
China - urban,,2018,0.3690613270610632
China - urban,,2019,0.3705255716145623
Colombia,COL,1992,0.5145367251067533
Colombia,COL,1996,0.5693690822089954
Colombia,COL,1999,0.5873960008188991
Colombia,COL,2000,0.5868289301110623
Colombia,COL,2001,0.5748303957933865
Colombia,COL,2002,0.5601890053647098
Colombia,COL,2003,0.5358647782928914
Colombia,COL,2004,0.5498104970345838
Colombia,COL,2005,0.5391333932409605
Colombia,COL,2008,0.5532324609763353
Colombia,COL,2009,0.5429641507356221
Colombia,COL,2010,0.546254766091452
Colombia,COL,2011,0.5349029144851049
Colombia,COL,2012,0.5264548243482503
Colombia,COL,2013,0.5263263643056759
Colombia,COL,2014,0.5255101500938343
Colombia,COL,2015,0.5099042092389903
Colombia,COL,2016,0.5057067710053882
Colombia,COL,2017,0.497154847772174
Colombia,COL,2018,0.5041870410395841
Colombia,COL,2019,0.513349741365523
Colombia,COL,2020,0.541739756120307
Colombia - urban,,1980,0.5912672682099516
Colombia - urban,,1988,0.5310625111982781
Colombia - urban,,1989,0.535924653179825
Colombia - urban,,1991,0.5131890558367811
Comoros,COM,2004,0.5592516023527048
Comoros,COM,2014,0.4533459471688265
Congo,COG,2005,0.4733054182329792
Congo,COG,2011,0.4893867053593573
Costa Rica,CRI,1981,0.4749476222607505
Costa Rica,CRI,1986,0.3442404542156242
Costa Rica,CRI,1989,0.4557076181690642
Costa Rica,CRI,1990,0.4530154407865812
Costa Rica,CRI,1991,0.4664785017784382
Costa Rica,CRI,1992,0.4571239736549306
Costa Rica,CRI,1993,0.4600316399243697
Costa Rica,CRI,1994,0.4675240854567072
Costa Rica,CRI,1995,0.4571268483759119
Costa Rica,CRI,1996,0.4654174094145277
Costa Rica,CRI,1997,0.4561711521042481
Costa Rica,CRI,1998,0.4566722318228243
Costa Rica,CRI,1999,0.4766533233080106
Costa Rica,CRI,2000,0.4744947186604964
Costa Rica,CRI,2001,0.5151506637289588
Costa Rica,CRI,2002,0.5182363066911434
Costa Rica,CRI,2003,0.493086999679418
Costa Rica,CRI,2004,0.4842393824747225
Costa Rica,CRI,2005,0.4751370266074161
Costa Rica,CRI,2006,0.4928526638085202
Costa Rica,CRI,2007,0.4931429990125016
Costa Rica,CRI,2008,0.4864548201980077
Costa Rica,CRI,2009,0.5056012510835672
Costa Rica,CRI,2010,0.4804596777825963
Costa Rica,CRI,2011,0.4876216570409962
Costa Rica,CRI,2012,0.4841902747201342
Costa Rica,CRI,2013,0.4915247098579562
Costa Rica,CRI,2014,0.4863419562304356
Costa Rica,CRI,2015,0.4837614136964541
Costa Rica,CRI,2016,0.4870606557466167
Costa Rica,CRI,2017,0.4834654060511497
Costa Rica,CRI,2018,0.4796854727902833
Costa Rica,CRI,2019,0.4818783359185005
Costa Rica,CRI,2020,0.4925031651736635
Cote d'Ivoire,CIV,1985,0.4552626809927137
Cote d'Ivoire,CIV,1986,0.3796976141502416
Cote d'Ivoire,CIV,1987,0.4051009916070049
Cote d'Ivoire,CIV,1988,0.3688628592491038
Cote d'Ivoire,CIV,1992,0.3938576430802857
Cote d'Ivoire,CIV,1995,0.4056382046110407
Cote d'Ivoire,CIV,1998,0.3895996265484659
Cote d'Ivoire,CIV,2002,0.4134004164235457
Cote d'Ivoire,CIV,2008,0.4318373325741026
Cote d'Ivoire,CIV,2015,0.4147479995612572
Cote d'Ivoire,CIV,2018,0.3718356355745245
Croatia,HRV,1998,0.2874836050300541
Croatia,HRV,1999,0.2770694222981624
Croatia,HRV,2000,0.3132564368794353
Croatia,HRV,2001,0.3110216191919792
Croatia,HRV,2004,0.2967740462265648
Croatia,HRV,2008,0.3370877241261103
Croatia,HRV,2009,0.3318334812074658
Croatia,HRV,2010,0.2735410120780502
Croatia,HRV,2011,0.3225743432948403
Croatia,HRV,2012,0.3247515039306038
Croatia,HRV,2013,0.3199548523535689
Croatia,HRV,2014,0.3210714892294795
Croatia,HRV,2015,0.3111531483989218
Croatia,HRV,2016,0.3089972562525938
Croatia,HRV,2017,0.3035457592767838
Croatia,HRV,2018,0.297294736028056
Croatia,HRV,2019,0.2890908970139205
Cyprus,CYP,2004,0.3008940076408155
Cyprus,CYP,2005,0.3025945618650419
Cyprus,CYP,2006,0.3112596183927297
Cyprus,CYP,2007,0.3111327225994502
Cyprus,CYP,2008,0.3170866175997568
Cyprus,CYP,2009,0.3210884693328554
Cyprus,CYP,2010,0.3145792856269421
Cyprus,CYP,2011,0.3262552444524061
Cyprus,CYP,2012,0.3431243343540633
Cyprus,CYP,2013,0.3704199291671629
Cyprus,CYP,2014,0.3556565297299039
Cyprus,CYP,2015,0.3396637799607745
Cyprus,CYP,2016,0.3289179537781578
Cyprus,CYP,2017,0.3141623400087115
Cyprus,CYP,2018,0.3273986095056375
Cyprus,CYP,2019,0.3122422709276627
Czechia,CZE,1992,0.2070328345008293
Czechia,CZE,1993,0.2660479338599628
Czechia,CZE,1996,0.2579900967615
Czechia,CZE,2002,0.2655509509205199
Czechia,CZE,2004,0.2753318001084163
Czechia,CZE,2005,0.2694604291245758
Czechia,CZE,2006,0.2674415556199472
Czechia,CZE,2007,0.2599868937473719
Czechia,CZE,2008,0.2628027218320636
Czechia,CZE,2009,0.2615667459857196
Czechia,CZE,2010,0.2662351375027597
Czechia,CZE,2011,0.2638134306595536
Czechia,CZE,2012,0.2611001752956207
Czechia,CZE,2013,0.2647390334971926
Czechia,CZE,2014,0.2592322089671913
Czechia,CZE,2015,0.2586743298006773
Czechia,CZE,2016,0.2540633291650931
Czechia,CZE,2017,0.2485220974651264
Czechia,CZE,2018,0.2499034080105021
Czechia,CZE,2019,0.2526219685008029
Democratic Republic of Congo,COD,2004,0.4216363216646305
Democratic Republic of Congo,COD,2012,0.4209970921922327
Denmark,DNK,1987,0.2623503966982436
Denmark,DNK,1992,0.2469381040965999
Denmark,DNK,1995,0.2295589641538346
Denmark,DNK,2000,0.2376631971103442
Denmark,DNK,2003,0.2563167105012541
Denmark,DNK,2004,0.2491279651988014
Denmark,DNK,2005,0.2518688905898729
Denmark,DNK,2006,0.2591307696762629
Denmark,DNK,2007,0.2618425902975039
Denmark,DNK,2008,0.2524650079001688
Denmark,DNK,2009,0.2670156013173982
Denmark,DNK,2010,0.2719855922149722
Denmark,DNK,2011,0.2731174610785309
Denmark,DNK,2012,0.2779075050858862
Denmark,DNK,2013,0.2854376286566804
Denmark,DNK,2014,0.2835287915948955
Denmark,DNK,2015,0.2817744646029746
Denmark,DNK,2016,0.2818744072592858
Denmark,DNK,2017,0.2874666138000177
Denmark,DNK,2018,0.2816633619443917
Denmark,DNK,2019,0.2772364617197734
Djibouti,DJI,2002,0.3999783897667522
Djibouti,DJI,2012,0.4513425272786379
Djibouti,DJI,2013,0.4412707486357961
Djibouti,DJI,2017,0.4158799161452292
Dominican Republic,DOM,1986,0.4778079716220627
Dominican Republic,DOM,1989,0.5045786580056841
Dominican Republic,DOM,1992,0.5135976090023133
Dominican Republic,DOM,1996,0.4743444060798365
Dominican Republic,DOM,1997,0.489238580987969
Dominican Republic,DOM,2000,0.5152120209935164
Dominican Republic,DOM,2001,0.4999922585250109
Dominican Republic,DOM,2002,0.4967751863385384
Dominican Republic,DOM,2003,0.5212729099131785
Dominican Republic,DOM,2004,0.5205620489825977
Dominican Republic,DOM,2005,0.4996820915609521
Dominican Republic,DOM,2006,0.5196310297737687
Dominican Republic,DOM,2007,0.4885937153980055
Dominican Republic,DOM,2008,0.4810916903495268
Dominican Republic,DOM,2009,0.4887584121531403
Dominican Republic,DOM,2010,0.4732659934143601
Dominican Republic,DOM,2011,0.477069049801749
Dominican Republic,DOM,2012,0.4613375308348997
Dominican Republic,DOM,2013,0.4765639328299531
Dominican Republic,DOM,2014,0.4428003183804665
Dominican Republic,DOM,2015,0.451816363982718
Dominican Republic,DOM,2016,0.4572391711009632
Dominican Republic,DOM,2017,0.4219561532079824
Dominican Republic,DOM,2018,0.4368666211283077
Dominican Republic,DOM,2019,0.419185651124377
Dominican Republic,DOM,2020,0.3964123272685835
Ecuador,ECU,1994,0.5336896198168978
Ecuador,ECU,1999,0.5860199314154568
Ecuador,ECU,2000,0.5637851757390899
Ecuador,ECU,2003,0.5352869213926486
Ecuador,ECU,2004,0.5393199081311715
Ecuador,ECU,2005,0.5305848012741787
Ecuador,ECU,2006,0.5225140478722449
Ecuador,ECU,2007,0.5336345081612023
Ecuador,ECU,2008,0.4979346963664921
Ecuador,ECU,2009,0.4850599010136336
Ecuador,ECU,2010,0.4880443393926081
Ecuador,ECU,2011,0.4587748191885761
Ecuador,ECU,2012,0.4612194087591218
Ecuador,ECU,2013,0.4686490305204818
Ecuador,ECU,2014,0.4499504956002738
Ecuador,ECU,2015,0.4595429485500615
Ecuador,ECU,2016,0.4502006878134655
Ecuador,ECU,2017,0.4467302953254211
Ecuador,ECU,2018,0.454402995804359
Ecuador,ECU,2019,0.4571153312670134
Ecuador,ECU,2020,0.4731127413938529
Ecuador - urban,,1987,0.5049196511719252
Ecuador - urban,,1995,0.5096507257238576
Ecuador - urban,,1998,0.4965702997751757
Egypt,EGY,1990,0.3200394103414895
Egypt,EGY,1995,0.3012696030811703
Egypt,EGY,1999,0.3276150263867433
Egypt,EGY,2004,0.3184754542970216
Egypt,EGY,2008,0.3110243606379492
Egypt,EGY,2010,0.3019145769797163
Egypt,EGY,2012,0.2829220277302157
Egypt,EGY,2015,0.3182335813028051
Egypt,EGY,2017,0.3153395276940044
El Salvador,SLV,1991,0.5395189798653132
El Salvador,SLV,1995,0.4987973706216128
El Salvador,SLV,1996,0.5098217562438825
El Salvador,SLV,1998,0.5451571137326185
El Salvador,SLV,1999,0.5219768898946427
El Salvador,SLV,2000,0.5147436774367206
El Salvador,SLV,2001,0.5137043905398048
El Salvador,SLV,2002,0.5187049174185503
El Salvador,SLV,2003,0.5049769256022152
El Salvador,SLV,2004,0.4781968454494981
El Salvador,SLV,2005,0.4848493248420019
El Salvador,SLV,2006,0.4569255924972137
El Salvador,SLV,2007,0.4521799419979481
El Salvador,SLV,2008,0.4688567901673587
El Salvador,SLV,2009,0.4582508607113158
El Salvador,SLV,2010,0.4351412842323908
El Salvador,SLV,2011,0.4231836001767365
El Salvador,SLV,2012,0.4182927684598859
El Salvador,SLV,2013,0.4335896299898032
El Salvador,SLV,2014,0.4155984144442803
El Salvador,SLV,2015,0.4055194183774289
El Salvador,SLV,2016,0.3997858016920802
El Salvador,SLV,2017,0.3800718790983761
El Salvador,SLV,2018,0.3861057120065728
El Salvador,SLV,2019,0.3877876391517544
Estonia,EST,1993,0.3950344817150475
Estonia,EST,1995,0.3006479587675666
Estonia,EST,1998,0.3764307642305342
Estonia,EST,2000,0.3578439813639193
Estonia,EST,2001,0.3601245483372094
Estonia,EST,2002,0.3579157437717958
Estonia,EST,2003,0.3490962432151921
Estonia,EST,2004,0.3537818865049199
Estonia,EST,2005,0.334489426179419
Estonia,EST,2006,0.3367107169543647
Estonia,EST,2007,0.3118015820499509
Estonia,EST,2008,0.3191707808349102
Estonia,EST,2009,0.3144361223785002
Estonia,EST,2010,0.3200120112345742
Estonia,EST,2011,0.3249163323213634
Estonia,EST,2012,0.3291576051057381
Estonia,EST,2013,0.3507978511887407
Estonia,EST,2014,0.3459155633335024
Estonia,EST,2015,0.3267032993155648
Estonia,EST,2016,0.311968259270128
Estonia,EST,2017,0.3035502623933823
Estonia,EST,2018,0.3032145132574509
Estonia,EST,2019,0.3076754280691263
Eswatini,SWZ,1994,0.6045472580241275
Eswatini,SWZ,2000,0.5311352022495021
Eswatini,SWZ,2009,0.5145260440916997
Eswatini,SWZ,2016,0.5457979366950237
Ethiopia,ETH,1995,0.4456451319731351
Ethiopia,ETH,1999,0.2997579673185658
Ethiopia,ETH,2004,0.2980685297022436
Ethiopia,ETH,2010,0.3317060081465824
Ethiopia,ETH,2015,0.3499312323123417
Ethiopia - rural,,1981,0.3242495626626984
Fiji,FJI,2002,0.3810205445197279
Fiji,FJI,2008,0.4037558609500757
Fiji,FJI,2013,0.3669659674139971
Fiji,FJI,2019,0.3070686743152849
Finland,FIN,1987,0.2217139873395237
Finland,FIN,1991,0.2287976170944787
Finland,FIN,1995,0.2345913698970352
Finland,FIN,2000,0.2715662660273223
Finland,FIN,2003,0.2768660407996707
Finland,FIN,2004,0.2789776594230597
Finland,FIN,2005,0.2761959366536489
Finland,FIN,2006,0.2799907537426519
Finland,FIN,2007,0.2828557151965987
Finland,FIN,2008,0.2783820830831633
Finland,FIN,2009,0.2745544574270846
Finland,FIN,2010,0.2771408798561746
Finland,FIN,2011,0.2764281936182181
Finland,FIN,2012,0.2709663044268671
Finland,FIN,2013,0.2719395885396505
Finland,FIN,2014,0.2677697598746835
Finland,FIN,2015,0.2710204232618409
Finland,FIN,2016,0.2707848436970796
Finland,FIN,2017,0.2738308541859644
Finland,FIN,2018,0.2732977282956268
Finland,FIN,2019,0.2773732985995423
France,FRA,1978,0.3516750482328107
France,FRA,1984,0.3685798147435258
France,FRA,1989,0.3217124956260336
France,FRA,1994,0.3233052487843946
France,FRA,2000,0.3108606236773413
France,FRA,2003,0.314111173194889
France,FRA,2004,0.3064733957106893
France,FRA,2005,0.2983401402624172
France,FRA,2006,0.2969109162880077
France,FRA,2007,0.3242772738280983
France,FRA,2008,0.3299647681963964
France,FRA,2009,0.3266126936717725
France,FRA,2010,0.3372048148420892
France,FRA,2011,0.3329475046048539
France,FRA,2012,0.3311485874899623
France,FRA,2013,0.3251263513038438
France,FRA,2014,0.3226218403076247
France,FRA,2015,0.3270433505694234
France,FRA,2016,0.3192374408702032
France,FRA,2017,0.3163206541721507
France,FRA,2018,0.3238068846338816
Gabon,GAB,2005,0.4218498636726916
Gabon,GAB,2017,0.380243722914563
Gambia,GMB,1998,0.4851946459930467
Gambia,GMB,2003,0.4733162413745319
Gambia,GMB,2010,0.4356843349541263
Gambia,GMB,2015,0.3591883097565131
Georgia,GEO,1996,0.3713270728561471
Georgia,GEO,1997,0.4069607297150076
Georgia,GEO,1998,0.4125000819211522
Georgia,GEO,1999,0.401497665216167
Georgia,GEO,2000,0.4047811333814833
Georgia,GEO,2001,0.3957413239288739
Georgia,GEO,2002,0.3724937767247638
Georgia,GEO,2003,0.3665508258035923
Georgia,GEO,2004,0.3617535680424417
Georgia,GEO,2005,0.3737933900324243
Georgia,GEO,2006,0.3686862384621512
Georgia,GEO,2007,0.3811308229304199
Georgia,GEO,2008,0.3853485333499432
Georgia,GEO,2009,0.3823740323062768
Georgia,GEO,2010,0.3946146371777795
Georgia,GEO,2011,0.3959571569237258
Georgia,GEO,2012,0.3895476795094192
Georgia,GEO,2013,0.385890191083294
Georgia,GEO,2014,0.3755413441304889
Georgia,GEO,2015,0.3650367556914279
Georgia,GEO,2016,0.3663964885392092
Georgia,GEO,2017,0.3793973310645744
Georgia,GEO,2018,0.3641136308376175
Georgia,GEO,2019,0.3590076515730312
Georgia,GEO,2020,0.3446518709454529
Germany,DEU,1991,0.29439847530854
Germany,DEU,1992,0.2916887694995708
Germany,DEU,1993,0.2867558702454439
Germany,DEU,1994,0.2924445517353559
Germany,DEU,1995,0.2898766276515059
Germany,DEU,1996,0.2837494188409182
Germany,DEU,1997,0.2831447236972638
Germany,DEU,1998,0.2828619578232062
Germany,DEU,1999,0.2911816053814218
Germany,DEU,2000,0.2894002217856078
Germany,DEU,2001,0.3009669508999525
Germany,DEU,2002,0.2994113627921397
Germany,DEU,2003,0.3006283682134046
Germany,DEU,2004,0.3028800367326846
Germany,DEU,2005,0.3180655326902631
Germany,DEU,2006,0.3119412162431502
Germany,DEU,2007,0.3136959587572979
Germany,DEU,2008,0.3090444365031223
Germany,DEU,2009,0.3047942766998245
Germany,DEU,2010,0.3031977402485196
Germany,DEU,2011,0.3084755396245933
Germany,DEU,2012,0.3105578889620795
Germany,DEU,2013,0.3145246656235118
Germany,DEU,2014,0.308718556990095
Germany,DEU,2015,0.315833423927555
Germany,DEU,2016,0.3157432591300597
Germany,DEU,2017,0.3120190507755539
Germany,DEU,2018,0.3169841088561242
Ghana,GHA,1987,0.3534957783974882
Ghana,GHA,1988,0.3599354085822996
Ghana,GHA,1991,0.3843723080807567
Ghana,GHA,1998,0.4007262441165461
Ghana,GHA,2005,0.4276553588407499
Ghana,GHA,2012,0.4237320525523956
Ghana,GHA,2016,0.4352087898470238
Greece,GRC,1995,0.3697557243767344
Greece,GRC,2000,0.3423919487828182
Greece,GRC,2003,0.3276233803454351
Greece,GRC,2004,0.3359099002470879
Greece,GRC,2005,0.3459823275062917
Greece,GRC,2006,0.3512380482363826
Greece,GRC,2007,0.3395357553237585
Greece,GRC,2008,0.3358936240707495
Greece,GRC,2009,0.3361905743954607
Greece,GRC,2010,0.3410332817378102
Greece,GRC,2011,0.348494120310329
Greece,GRC,2012,0.3625100078377924
Greece,GRC,2013,0.3612736056728677
Greece,GRC,2014,0.3580950553073035
Greece,GRC,2015,0.3600025954020001
Greece,GRC,2016,0.349586399032126
Greece,GRC,2017,0.3435202107673153
Greece,GRC,2018,0.3289120526515416
Greece,GRC,2019,0.3310445622925062
Guatemala,GTM,1986,0.5825690382081368
Guatemala,GTM,1989,0.5959877403519491
Guatemala,GTM,2000,0.541765210082463
Guatemala,GTM,2006,0.5457072142456858
Guatemala,GTM,2014,0.4827858949121326
Guinea,GIN,1991,0.4684304836688162
Guinea,GIN,1994,0.4608160948044473
Guinea,GIN,2002,0.4300416364174587
Guinea,GIN,2007,0.3935534686169969
Guinea,GIN,2012,0.3372970464882602
Guinea,GIN,2018,0.2959195300100971
Guinea-Bissau,GNB,1993,0.4361022630012482
Guinea-Bissau,GNB,2002,0.3556974589468559
Guinea-Bissau,GNB,2010,0.506642398909958
Guinea-Bissau,GNB,2018,0.3476523039627381
Guyana,GUY,1998,0.4511814167733494
Haiti,HTI,2001,0.594766183608848
Haiti,HTI,2012,0.4110377373169419
Honduras,HND,1989,0.5949014856232817
Honduras,HND,1990,0.5735672728619727
Honduras,HND,1991,0.5185066977617407
Honduras,HND,1992,0.5182845515080097
Honduras,HND,1993,0.5346744798691963
Honduras,HND,1994,0.5501017018195603
Honduras,HND,1995,0.5548547649724322
Honduras,HND,1996,0.5572156360042604
Honduras,HND,1997,0.5273399991393805
Honduras,HND,1998,0.5742542852294781
Honduras,HND,1999,0.5535134013048181
Honduras,HND,2001,0.5536071940885385
Honduras,HND,2002,0.5573095801975785
Honduras,HND,2003,0.5812125066793632
Honduras,HND,2004,0.5813391348561546
Honduras,HND,2005,0.5951159109347068
Honduras,HND,2006,0.575427778507408
Honduras,HND,2007,0.5582030727204323
Honduras,HND,2008,0.5549990703495049
Honduras,HND,2009,0.5128332278806622
Honduras,HND,2010,0.5308706587764769
Honduras,HND,2011,0.5255978559313808
Honduras,HND,2012,0.5337070984419767
Honduras,HND,2013,0.4995975176896486
Honduras,HND,2014,0.4987858626473279
Honduras,HND,2015,0.4924989297389206
Honduras,HND,2016,0.4981186016046447
Honduras,HND,2017,0.4944552648326352
Honduras,HND,2018,0.4893778449405987
Honduras,HND,2019,0.4816816743143374
Honduras - urban,,1986,0.5509302968090468
Hungary,HUN,1987,0.2096003074052566
Hungary,HUN,1989,0.2504777883734263
Hungary,HUN,1991,0.2963395351198973
Hungary,HUN,1993,0.279409737556495
Hungary,HUN,1994,0.332893951189484
Hungary,HUN,1998,0.2638192110020756
Hungary,HUN,1999,0.2763540296308462
Hungary,HUN,2000,0.2722058131347022
Hungary,HUN,2001,0.2692448437107182
Hungary,HUN,2002,0.2683789033147646
Hungary,HUN,2003,0.3092575549570886
Hungary,HUN,2004,0.3002242741907422
Hungary,HUN,2005,0.3019102016810878
Hungary,HUN,2006,0.2895891768551827
Hungary,HUN,2007,0.3115509137498109
Hungary,HUN,2008,0.2751404319431585
Hungary,HUN,2009,0.2695963983619707
Hungary,HUN,2010,0.2944422587538693
Hungary,HUN,2011,0.291583422943667
Hungary,HUN,2012,0.3080418661991231
Hungary,HUN,2013,0.3150410221015213
Hungary,HUN,2014,0.3091766108797997
Hungary,HUN,2015,0.3040823015152569
Hungary,HUN,2016,0.3032761854890128
Hungary,HUN,2017,0.305841235034746
Hungary,HUN,2018,0.2961204436230077
Hungary,HUN,2019,0.2995047278784618
Iceland,ISL,2003,0.268360369710387
Iceland,ISL,2004,0.2798214018414903
Iceland,ISL,2005,0.2900244692951983
Iceland,ISL,2006,0.3024515054434066
Iceland,ISL,2007,0.2947095974984994
Iceland,ISL,2008,0.3178927852223965
Iceland,ISL,2009,0.286564100300263
Iceland,ISL,2010,0.261716196123113
Iceland,ISL,2011,0.2683079945866343
Iceland,ISL,2012,0.2676942466276851
Iceland,ISL,2013,0.2540291490177191
Iceland,ISL,2014,0.2780041572588201
Iceland,ISL,2015,0.2678797144859821
Iceland,ISL,2016,0.2724110527328759
Iceland,ISL,2017,0.2613158023316
India,IND,1977,0.3333664717155239
India,IND,1983,0.3210099371980947
India,IND,1987,0.3257416429438533
India,IND,1993,0.3169618364184232
India,IND,2004,0.3440630457178476
India,IND,2009,0.3538033580176148
India,IND,2011,0.3571257527445493
India,IND,2015,0.3470643627374086
India,IND,2016,0.347732335554877
India,IND,2017,0.3594304727668584
India,IND,2018,0.3458968626484365
India,IND,2019,0.357338571183979
India - rural,,1977,0.3419565611270451
India - rural,,1983,0.3005933978312851
India - rural,,1987,0.3013368930272272
India - rural,,1993,0.285865677871407
India - rural,,2004,0.3045357638042348
India - rural,,2009,0.299503037254748
India - rural,,2011,0.3112752237767182
India - rural,,2015,0.3126380520264424
India - rural,,2016,0.3101152976622039
India - rural,,2017,0.3127330268255797
India - rural,,2018,0.3105335768920045
India - rural,,2019,0.3086295455014346
India - urban,,1977,0.3574154960110818
India - urban,,1983,0.3332687467811482
India - urban,,1987,0.3556930700468265
India - urban,,1993,0.3438523107933563
India - urban,,2004,0.376351734732978
India - urban,,2009,0.3934797367007694
India - urban,,2011,0.390144289976554
India - urban,,2015,0.3787986289191206
India - urban,,2016,0.3829256801417247
India - urban,,2017,0.3957888158736985
India - urban,,2018,0.3621582736784414
India - urban,,2019,0.393655915315271
Indonesia,IDN,1984,0.334559805760469
Indonesia,IDN,1987,0.3140377006929198
Indonesia,IDN,1990,0.322712573925182
Indonesia,IDN,1993,0.3316279879226096
Indonesia,IDN,1996,0.3562513684976981
Indonesia,IDN,1998,0.3218143192470929
Indonesia,IDN,1999,0.3207804702571818
Indonesia,IDN,2000,0.2945843399067078
Indonesia,IDN,2001,0.3002392829942233
Indonesia,IDN,2002,0.3283379791054479
Indonesia,IDN,2003,0.3302670252454454
Indonesia,IDN,2004,0.3385327984649999
Indonesia,IDN,2005,0.3405784439563243
Indonesia,IDN,2006,0.3530055608463796
Indonesia,IDN,2007,0.3666468784107147
Indonesia,IDN,2008,0.3606025462875644
Indonesia,IDN,2009,0.359931722002129
Indonesia,IDN,2010,0.3720533739480901
Indonesia,IDN,2011,0.4045814938128961
Indonesia,IDN,2012,0.4045964096976772
Indonesia,IDN,2013,0.40791180452
Indonesia,IDN,2014,0.4017566702073735
Indonesia,IDN,2015,0.4039736902808254
Indonesia,IDN,2016,0.3930027806588405
Indonesia,IDN,2017,0.3878526296867598
Indonesia,IDN,2018,0.3841037729176489
Indonesia,IDN,2019,0.3761012212960771
Indonesia,IDN,2020,0.3760548535625231
Indonesia,IDN,2021,0.3791565013967933
Indonesia - rural,,1984,0.292147169798811
Indonesia - rural,,1987,0.2772932564956126
Indonesia - rural,,1990,0.2645507799784848
Indonesia - rural,,1993,0.2600182799305793
Indonesia - rural,,1996,0.2758720836224968
Indonesia - rural,,1998,0.2568415045008674
Indonesia - rural,,1999,0.2475653565405817
Indonesia - rural,,2000,0.2410152552368087
Indonesia - rural,,2001,0.2390263386548226
Indonesia - rural,,2002,0.2553381993707818
Indonesia - rural,,2003,0.2535870738846384
Indonesia - rural,,2004,0.2653111080028566
Indonesia - rural,,2005,0.2790284890715495
Indonesia - rural,,2006,0.2891717379992909
Indonesia - rural,,2007,0.3011493815683448
Indonesia - rural,,2008,0.2998285303074425
Indonesia - rural,,2009,0.2949984795046804
Indonesia - rural,,2010,0.3153330765681751
Indonesia - rural,,2011,0.3409647162802347
Indonesia - rural,,2012,0.3298240144996738
Indonesia - rural,,2013,0.3204986246272495
Indonesia - rural,,2014,0.3191441182220693
Indonesia - rural,,2015,0.3341845392728119
Indonesia - rural,,2016,0.3265532343256481
Indonesia - rural,,2017,0.3204544556812978
Indonesia - rural,,2018,0.3244418790190355
Indonesia - rural,,2019,0.3168654257291089
Indonesia - rural,,2020,0.3166911219933865
Indonesia - rural,,2021,0.3153389147192639
Indonesia - urban,,1984,0.3329344928376696
Indonesia - urban,,1987,0.3277564798285287
Indonesia - urban,,1990,0.3466287758153492
Indonesia - urban,,1993,0.3535323958091464
Indonesia - urban,,1996,0.3754961423230835
Indonesia - urban,,1998,0.337760760110066
Indonesia - urban,,1999,0.3537503173198718
Indonesia - urban,,2000,0.316502560525999
Indonesia - urban,,2001,0.3175869296583119
Indonesia - urban,,2002,0.3393820803964741
Indonesia - urban,,2003,0.3401206073381999
Indonesia - urban,,2004,0.3430566829227971
Indonesia - urban,,2005,0.3418980542185925
Indonesia - urban,,2006,0.3551749701471303
Indonesia - urban,,2007,0.3707588540193189
Indonesia - urban,,2008,0.3671703908352312
Indonesia - urban,,2009,0.372020314370632
Indonesia - urban,,2010,0.3820476746147534
Indonesia - urban,,2011,0.4221694510689783
Indonesia - urban,,2012,0.4248085435121485
Indonesia - urban,,2013,0.4310653512387525
Indonesia - urban,,2014,0.4276526182347256
Indonesia - urban,,2015,0.427530636848319
Indonesia - urban,,2016,0.4103151529517567
Indonesia - urban,,2017,0.4068613113833034
Indonesia - urban,,2018,0.4005401951850121
Indonesia - urban,,2019,0.3921566856507905
Indonesia - urban,,2020,0.3925719064319923
Indonesia - urban,,2021,0.400630642283629
Iran,IRN,1986,0.4741964153568079
Iran,IRN,1990,0.4360477757130536
Iran,IRN,1994,0.4299836950518908
Iran,IRN,1998,0.4409564339566993
Iran,IRN,2005,0.4355864116802718
Iran,IRN,2006,0.4475203722148977
Iran,IRN,2009,0.4205002463843913
Iran,IRN,2013,0.3735950783234439
Iran,IRN,2014,0.387832928154434
Iran,IRN,2015,0.3947100425317789
Iran,IRN,2016,0.3996519667192529
Iran,IRN,2017,0.4080294205745207
Iran,IRN,2018,0.4200330198476104
Iran,IRN,2019,0.409359683769497
Iraq,IRQ,2006,0.2860061238900413
Iraq,IRQ,2012,0.2954185695660273
Ireland,IRL,1987,0.3546620274587625
Ireland,IRL,1994,0.3691420457725674
Ireland,IRL,1995,0.3704509231863537
Ireland,IRL,1996,0.3562213543958548
Ireland,IRL,2000,0.3300520521927084
Ireland,IRL,2002,0.3229025635496046
Ireland,IRL,2003,0.3288762275619803
Ireland,IRL,2004,0.3360963782153348
Ireland,IRL,2005,0.3375401111290208
Ireland,IRL,2006,0.3272795513640367
Ireland,IRL,2007,0.3194677162297638
Ireland,IRL,2008,0.3090621834807562
Ireland,IRL,2009,0.3268254837009157
Ireland,IRL,2010,0.3229709527156235
Ireland,IRL,2011,0.3287469363129338
Ireland,IRL,2012,0.3322075173369488
Ireland,IRL,2013,0.3348919006514453
Ireland,IRL,2014,0.3187645250891104
Ireland,IRL,2015,0.3182153975328732
Ireland,IRL,2016,0.3280759842839694
Ireland,IRL,2017,0.3135980370255202
Ireland,IRL,2018,0.3060292684647587
Israel,ISR,1979,0.363299757619656
Israel,ISR,1986,0.3649053994677242
Israel,ISR,1992,0.3550725442974516
Israel,ISR,1997,0.3809710599845769
Israel,ISR,2001,0.3894766211110493
Israel,ISR,2002,0.3955942270542948
Israel,ISR,2003,0.4072257099910671
Israel,ISR,2004,0.4145630065727199
Israel,ISR,2005,0.4226762253608898
Israel,ISR,2006,0.4155532239062903
Israel,ISR,2007,0.4109863358913975
Israel,ISR,2008,0.4164267940947838
Israel,ISR,2009,0.4263395048024534
Israel,ISR,2010,0.4252702457835088
Israel,ISR,2011,0.4144416393744093
Israel,ISR,2012,0.4160959640672664
Israel,ISR,2013,0.4022482473992248
Israel,ISR,2014,0.3975748888618402
Israel,ISR,2015,0.3971952989384989
Israel,ISR,2016,0.3901301526892952
Israel,ISR,2017,0.3820206439128806
Israel,ISR,2018,0.3857717384665088
Italy,ITA,1986,0.3251640823575092
Italy,ITA,1987,0.3454697394005763
Italy,ITA,1989,0.3257331576650687
Italy,ITA,1991,0.3146832586649527
Italy,ITA,1993,0.3553788793076098
Italy,ITA,1995,0.3523806366236202
Italy,ITA,1998,0.3666078685636162
Italy,ITA,2000,0.3525280984423746
Italy,ITA,2003,0.3493130855082459
Italy,ITA,2004,0.3429511626302363
Italy,ITA,2005,0.3383360556237444
Italy,ITA,2006,0.3369739603399532
Italy,ITA,2007,0.3289073563667704
Italy,ITA,2008,0.3377010232366898
Italy,ITA,2009,0.3383577039072794
Italy,ITA,2010,0.3472130832471843
Italy,ITA,2011,0.3505721451796474
Italy,ITA,2012,0.3515561059221849
Italy,ITA,2013,0.3491184922890656
Italy,ITA,2014,0.3465732830402379
Italy,ITA,2015,0.3539743647773671
Italy,ITA,2016,0.352462496122166
Italy,ITA,2017,0.3592800094735345
Italy,ITA,2018,0.3522257062873518
Jamaica,JAM,1988,0.4315502497711246
Jamaica,JAM,1990,0.4111373537364199
Jamaica,JAM,1993,0.3567342174651031
Jamaica,JAM,1996,0.4039490228751146
Jamaica,JAM,1999,0.4408019870973196
Jamaica,JAM,2002,0.4831596261346
Jamaica,JAM,2004,0.4545747436622845
Japan,JPN,2008,0.3484231506323008
Japan,JPN,2010,0.3210032043008337
Japan,JPN,2013,0.3285472862273798
Jordan,JOR,1986,0.3606142977863347
Jordan,JOR,1992,0.4336262424131006
Jordan,JOR,1997,0.3642055577524518
Jordan,JOR,2002,0.3695461630006004
Jordan,JOR,2006,0.3385625356337215
Jordan,JOR,2008,0.3257345028644143
Jordan,JOR,2010,0.336557303109807
Kazakhstan,KAZ,1993,0.3266573479388877
Kazakhstan,KAZ,1996,0.3537830814027071
Kazakhstan,KAZ,2001,0.3596475855684515
Kazakhstan,KAZ,2002,0.348111400229245
Kazakhstan,KAZ,2003,0.3369147880363955
Kazakhstan,KAZ,2004,0.3183875853262661
Kazakhstan,KAZ,2005,0.3982603995118514
Kazakhstan,KAZ,2006,0.3024386524999382
Kazakhstan,KAZ,2007,0.3008405631040639
Kazakhstan,KAZ,2008,0.2849644381821119
Kazakhstan,KAZ,2009,0.2820886677411107
Kazakhstan,KAZ,2010,0.2795451175206349
Kazakhstan,KAZ,2011,0.2798384378555344
Kazakhstan,KAZ,2012,0.2816882177105738
Kazakhstan,KAZ,2013,0.27065428043571
Kazakhstan,KAZ,2014,0.2701585979856632
Kazakhstan,KAZ,2015,0.2680366741835814
Kazakhstan,KAZ,2016,0.2722532512349164
Kazakhstan,KAZ,2017,0.274502759394129
Kazakhstan,KAZ,2018,0.277928745774732
Kenya,KEN,1992,0.5746096225002908
Kenya,KEN,1994,0.4310857150146876
Kenya,KEN,1997,0.449830766040705
Kenya,KEN,2005,0.4645292489488811
Kenya,KEN,2015,0.4077577253361156
Kiribati,KIR,2006,0.3697300145733538
Kiribati,KIR,2019,0.2783270304097768
Kosovo,OWID_KOS,2003,0.2895385500170779
Kosovo,OWID_KOS,2005,0.3123822986421517
Kosovo,OWID_KOS,2006,0.3032163348329487
Kosovo,OWID_KOS,2009,0.3178171569594474
Kosovo,OWID_KOS,2010,0.3325430015603779
Kosovo,OWID_KOS,2011,0.2783174844298602
Kosovo,OWID_KOS,2012,0.2897226904464489
Kosovo,OWID_KOS,2013,0.2630659173423672
Kosovo,OWID_KOS,2014,0.2727017235624296
Kosovo,OWID_KOS,2015,0.2645415317539463
Kosovo,OWID_KOS,2016,0.2672114518222673
Kosovo,OWID_KOS,2017,0.2901294378907901
Kyrgyzstan,KGZ,1998,0.4637198247789075
Kyrgyzstan,KGZ,2000,0.3103501271539703
Kyrgyzstan,KGZ,2001,0.3016397977453565
Kyrgyzstan,KGZ,2002,0.3030238686178876
Kyrgyzstan,KGZ,2003,0.2870864708225438
Kyrgyzstan,KGZ,2004,0.3477342927696414
Kyrgyzstan,KGZ,2005,0.3256143077247508
Kyrgyzstan,KGZ,2006,0.3738124037523129
Kyrgyzstan,KGZ,2007,0.3391182167309093
Kyrgyzstan,KGZ,2008,0.3145068473220799
Kyrgyzstan,KGZ,2009,0.2987491595487895
Kyrgyzstan,KGZ,2010,0.3013391506022944
Kyrgyzstan,KGZ,2011,0.2783986377891841
Kyrgyzstan,KGZ,2012,0.2735727410747848
Kyrgyzstan,KGZ,2013,0.2881548367145017
Kyrgyzstan,KGZ,2014,0.2681900378274492
Kyrgyzstan,KGZ,2015,0.2899791535494764
Kyrgyzstan,KGZ,2016,0.267807678604494
Kyrgyzstan,KGZ,2017,0.273350091372265
Kyrgyzstan,KGZ,2018,0.276903271021334
Kyrgyzstan,KGZ,2019,0.2970122324247096
Kyrgyzstan,KGZ,2020,0.2898927351765193
Laos,LAO,1992,0.3430977523930045
Laos,LAO,1997,0.3489543999138317
Laos,LAO,2002,0.326201086403921
Laos,LAO,2007,0.3536103487435302
Laos,LAO,2012,0.3596354823065157
Laos,LAO,2018,0.3880243378589684
Latvia,LVA,1993,0.2699313110390889
Latvia,LVA,1995,0.3097748900440993
Latvia,LVA,1996,0.3164186518258813
Latvia,LVA,1997,0.3439259175133339
Latvia,LVA,1998,0.3326485296390685
Latvia,LVA,2002,0.3509123373365606
Latvia,LVA,2003,0.3652860159614507
Latvia,LVA,2004,0.3495712831639229
Latvia,LVA,2005,0.3898148372461455
Latvia,LVA,2006,0.3560276628021006
Latvia,LVA,2007,0.3604692993751186
Latvia,LVA,2008,0.3581789871581941
Latvia,LVA,2009,0.348317405710563
Latvia,LVA,2010,0.3503441017476635
Latvia,LVA,2011,0.3577436934075938
Latvia,LVA,2012,0.3523768850751686
Latvia,LVA,2013,0.3550057059573656
Latvia,LVA,2014,0.3511523299927969
Latvia,LVA,2015,0.3420443516233862
Latvia,LVA,2016,0.3432962990267049
Latvia,LVA,2017,0.3557193461819442
Latvia,LVA,2018,0.3509615142209008
Latvia,LVA,2019,0.3448953888885432
Lebanon,LBN,2011,0.3183244967411449
Lesotho,LSO,1986,0.5601605907025378
Lesotho,LSO,1994,0.6324036513133278
Lesotho,LSO,2002,0.5157492355421907
Lesotho,LSO,2017,0.4487970137435177
Liberia,LBR,2007,0.3647774500627827
Liberia,LBR,2014,0.3323788430829755
Liberia,LBR,2016,0.3526546118973468
Lithuania,LTU,1993,0.3364113630171077
Lithuania,LTU,1996,0.3226032255561519
Lithuania,LTU,1998,0.3210311802641444
Lithuania,LTU,1999,0.320152380202672
Lithuania,LTU,2000,0.3167493392276617
Lithuania,LTU,2001,0.3201227463709087
Lithuania,LTU,2002,0.3191556761392337
Lithuania,LTU,2003,0.3545648688086679
Lithuania,LTU,2004,0.3520401582348516
Lithuania,LTU,2005,0.3530220753928308
Lithuania,LTU,2006,0.3441898709030895
Lithuania,LTU,2007,0.3479718893462099
Lithuania,LTU,2008,0.3705565667270202
Lithuania,LTU,2009,0.3722598740930498
Lithuania,LTU,2010,0.3361930591882244
Lithuania,LTU,2011,0.3249105251479964
Lithuania,LTU,2012,0.3509868148524657
Lithuania,LTU,2013,0.3531114647979292
Lithuania,LTU,2014,0.3768144196775759
Lithuania,LTU,2015,0.3737522380387583
Lithuania,LTU,2016,0.3839120603606409
Lithuania,LTU,2017,0.3728969917547393
Lithuania,LTU,2018,0.3570780770405715
Lithuania,LTU,2019,0.3525315148553934
Luxembourg,LUX,1985,0.2666724759342306
Luxembourg,LUX,1991,0.2678939723763907
Luxembourg,LUX,1994,0.2694443852895115
Luxembourg,LUX,1997,0.3015987995310806
Luxembourg,LUX,2000,0.3044730223281299
Luxembourg,LUX,2003,0.3018747238639327
Luxembourg,LUX,2004,0.3017269779124621
Luxembourg,LUX,2005,0.3084080789006825
Luxembourg,LUX,2006,0.3094812021092055
Luxembourg,LUX,2007,0.311337503205697
Luxembourg,LUX,2008,0.3256154476251994
Luxembourg,LUX,2009,0.3119691795909922
Luxembourg,LUX,2010,0.3050437806996844
Luxembourg,LUX,2011,0.3205411959298541
Luxembourg,LUX,2012,0.3434714848838827
Luxembourg,LUX,2013,0.320360461125158
Luxembourg,LUX,2014,0.311583177104469
Luxembourg,LUX,2015,0.3292223286441645
Luxembourg,LUX,2016,0.3172798278921666
Luxembourg,LUX,2017,0.3451573994503357
Luxembourg,LUX,2018,0.3536809440930619
Luxembourg,LUX,2019,0.3424126199068634
Madagascar,MDG,1980,0.4684885054810053
Madagascar,MDG,1993,0.4525569753110631
Madagascar,MDG,1997,0.3946835500314345
Madagascar,MDG,1999,0.3860748044703116
Madagascar,MDG,2001,0.4743542996374414
Madagascar,MDG,2005,0.3993717914059935
Madagascar,MDG,2010,0.4241748756953225
Madagascar,MDG,2012,0.4264818226834528
Malawi,MWI,1997,0.6575557075696832
Malawi,MWI,2004,0.3987346035344175
Malawi,MWI,2010,0.4547597114522977
Malawi,MWI,2016,0.4469430781747893
Malawi,MWI,2019,0.3854317496683925
Malaysia,MYS,1984,0.4862481485269605
Malaysia,MYS,1987,0.4704183645224354
Malaysia,MYS,1989,0.4616850362718148
Malaysia,MYS,1992,0.4765372577755589
Malaysia,MYS,1995,0.4852267156034008
Malaysia,MYS,1997,0.4914966230432286
Malaysia,MYS,2003,0.464162023882681
Malaysia,MYS,2006,0.4475234946974202
Malaysia,MYS,2008,0.4547971222914023
Malaysia,MYS,2011,0.4394359675588655
Malaysia,MYS,2013,0.4134882666564541
Malaysia,MYS,2015,0.4106639837531249
Maldives,MDV,2002,0.4131202677034141
Maldives,MDV,2009,0.3837276375013644
Maldives,MDV,2016,0.3128564712743541
Maldives,MDV,2019,0.2928509126982115
Mali,MLI,1994,0.504412366929203
Mali,MLI,2001,0.3986728255895362
Mali,MLI,2006,0.3892996202687648
Mali,MLI,2009,0.3303795578084716
Mali,MLI,2018,0.3613692014891342
Malta,MLT,2006,0.2801997613556566
Malta,MLT,2007,0.2920773955229954
Malta,MLT,2008,0.2899550662665748
Malta,MLT,2009,0.3024479703189097
Malta,MLT,2010,0.2902586675511401
Malta,MLT,2011,0.2914259120707825
Malta,MLT,2012,0.2936044857207418
Malta,MLT,2013,0.2884366376984589
Malta,MLT,2014,0.2902034650813193
Malta,MLT,2015,0.2943377335898084
Malta,MLT,2016,0.2908911446068347
Malta,MLT,2017,0.2923223864457299
Malta,MLT,2018,0.2866508622408998
Malta,MLT,2019,0.310420821380047
Marshall Islands,MHL,2019,0.3548294288795408
Mauritania,MRT,1987,0.4393901470328717
Mauritania,MRT,1993,0.5005155648735224
Mauritania,MRT,1995,0.3774736291032361
Mauritania,MRT,2000,0.3902847355797832
Mauritania,MRT,2004,0.4016877035410349
Mauritania,MRT,2008,0.3568537820273937
Mauritania,MRT,2014,0.3261934988227014
Mauritius,MUS,2006,0.3565342212479709
Mauritius,MUS,2012,0.3846539852587812
Mauritius,MUS,2017,0.3676120593795564
Mexico,MEX,1984,0.4852701241671631
Mexico,MEX,1989,0.5063166740487188
Mexico,MEX,1992,0.5261181568499618
Mexico,MEX,1994,0.528089233183943
Mexico,MEX,1996,0.5355027871926419
Mexico,MEX,1998,0.5167838133154352
Mexico,MEX,2000,0.5258396573713688
Mexico,MEX,2002,0.500886545754288
Mexico,MEX,2004,0.5003007634851782
Mexico,MEX,2005,0.5012035866885655
Mexico,MEX,2006,0.4893605282350798
Mexico,MEX,2008,0.4988384765794412
Mexico,MEX,2010,0.4721390937230654
Mexico,MEX,2012,0.487134660472487
Mexico,MEX,2014,0.4872243903544354
Mexico,MEX,2016,0.4767771275492158
Mexico,MEX,2018,0.4670695530062811
Mexico,MEX,2020,0.4539872958755834
Micronesia (country),FSM,2005,0.4235579827124629
Micronesia (country),FSM,2013,0.4005763132327369
Micronesia (country) - urban,,2000,0.6326196916143099
Moldova,MDA,1997,0.3694214641549644
Moldova,MDA,1998,0.3951855008559565
Moldova,MDA,1999,0.4262420664331316
Moldova,MDA,2000,0.3642569067185078
Moldova,MDA,2001,0.3798919351663601
Moldova,MDA,2002,0.3584590716152174
Moldova,MDA,2003,0.3490208526442752
Moldova,MDA,2004,0.3502956660526318
Moldova,MDA,2005,0.3628083792956479
Moldova,MDA,2006,0.3540092660434228
Moldova,MDA,2007,0.344210409425115
Moldova,MDA,2008,0.3469244308874358
Moldova,MDA,2009,0.32910908035257
Moldova,MDA,2010,0.320509202088989
Moldova,MDA,2011,0.3062857565763106
Moldova,MDA,2012,0.2915883934851393
Moldova,MDA,2013,0.28534158888897
Moldova,MDA,2014,0.2683385256008489
Moldova,MDA,2015,0.2702815808188438
Moldova,MDA,2016,0.2634538678786378
Moldova,MDA,2017,0.2589924475059301
Moldova,MDA,2018,0.2566164807245338
Moldova,MDA,2019,0.2601664666961418
Mongolia,MNG,1995,0.3319534019833809
Mongolia,MNG,1998,0.302719628527048
Mongolia,MNG,2002,0.3289294812893809
Mongolia,MNG,2007,0.3582187140554911
Mongolia,MNG,2010,0.3308121209995187
Mongolia,MNG,2011,0.3388350747357589
Mongolia,MNG,2012,0.3375161508836776
Mongolia,MNG,2014,0.3203778993121615
Mongolia,MNG,2016,0.3234573282626243
Mongolia,MNG,2018,0.3274099037966899
Montenegro,MNE,2005,0.3021727638783129
Montenegro,MNE,2006,0.3003535960847907
Montenegro,MNE,2007,0.3144806772720314
Montenegro,MNE,2008,0.3048799355271607
Montenegro,MNE,2009,0.3100851633209229
Montenegro,MNE,2010,0.2889309673494813
Montenegro,MNE,2011,0.3081985384468272
Montenegro,MNE,2012,0.3227373604595381
Montenegro,MNE,2013,0.3244293633664123
Montenegro,MNE,2014,0.319265220114987
Montenegro,MNE,2015,0.3900503341273924
Montenegro,MNE,2016,0.3848794611715274
Montenegro,MNE,2017,0.3690682380146614
Montenegro,MNE,2018,0.368119267302466
Morocco,MAR,1984,0.3918663661414734
Morocco,MAR,1990,0.3920690340668367
Morocco,MAR,1998,0.3935391379161057
Morocco,MAR,2000,0.4063700844772159
Morocco,MAR,2006,0.4071830246784665
Morocco,MAR,2013,0.3954850870115624
Mozambique,MOZ,1996,0.5355986487733552
Mozambique,MOZ,2002,0.4703906957738243
Mozambique,MOZ,2008,0.4557833707287264
Mozambique,MOZ,2014,0.5399668162273381
Myanmar,MMR,2015,0.380685092047418
Myanmar,MMR,2017,0.3069686952136355
Namibia,NAM,2003,0.633187597932559
Namibia,NAM,2009,0.6096517549255236
Namibia,NAM,2015,0.5906661436784657
Nauru,NRU,2012,0.3476618146165543
Nepal,NPL,1984,0.3005754075919853
Nepal,NPL,1995,0.3520701746781833
Nepal,NPL,2003,0.4376810431071803
Nepal,NPL,2010,0.3284058617688756
Netherlands,NLD,1983,0.283660517601025
Netherlands,NLD,1987,0.2677162197566731
Netherlands,NLD,1990,0.3109007299053729
Netherlands,NLD,1993,0.3043498164067688
Netherlands,NLD,1999,0.2806339613969496
Netherlands,NLD,2004,0.2980002606993465
Netherlands,NLD,2005,0.2904823025428976
Netherlands,NLD,2006,0.30043326580099
Netherlands,NLD,2007,0.2959277822229548
Netherlands,NLD,2008,0.2929801219819222
Netherlands,NLD,2009,0.2788199724132741
Netherlands,NLD,2010,0.2784524730895066
Netherlands,NLD,2011,0.2775008685034134
Netherlands,NLD,2012,0.2762093080077551
Netherlands,NLD,2013,0.2810647938668686
Netherlands,NLD,2014,0.2863141872248779
Netherlands,NLD,2015,0.2824157950619425
Netherlands,NLD,2016,0.2817356975068367
Netherlands,NLD,2017,0.2853581942783636
Netherlands,NLD,2018,0.2812108040445857
Netherlands,NLD,2019,0.2924833284839236
Nicaragua,NIC,1993,0.4906174978248777
Nicaragua,NIC,1998,0.4499730913193082
Nicaragua,NIC,2001,0.4299820215351255
Nicaragua,NIC,2005,0.4053198771230771
Nicaragua,NIC,2009,0.4394216095804694
Nicaragua,NIC,2014,0.4615629418573037
Niger,NER,1992,0.3609754302825158
Niger,NER,1994,0.415259648409168
Niger,NER,2005,0.4442544419223084
Niger,NER,2007,0.3730445422997349
Niger,NER,2011,0.314517146382684
Niger,NER,2014,0.3427657603785816
Niger,NER,2018,0.372810448544046
Nigeria,NGA,1985,0.3867785059424594
Nigeria,NGA,1992,0.4498405367710789
Nigeria,NGA,1996,0.5192224640728487
Nigeria,NGA,2003,0.4006357930428537
Nigeria,NGA,2010,0.356502096911836
Nigeria,NGA,2012,0.3551300721594593
Nigeria,NGA,2015,0.3587977866103451
Nigeria,NGA,2018,0.3512774279386329
North Macedonia,MKD,1998,0.2812857834452777
North Macedonia,MKD,2000,0.3426387208961875
North Macedonia,MKD,2002,0.3850906829653561
North Macedonia,MKD,2003,0.3872239316828584
North Macedonia,MKD,2004,0.384325517205212
North Macedonia,MKD,2005,0.3930525011015624
North Macedonia,MKD,2006,0.4264250318090545
North Macedonia,MKD,2008,0.4614162556030415
North Macedonia,MKD,2009,0.4276445516941825
North Macedonia,MKD,2010,0.401606220080728
North Macedonia,MKD,2011,0.3937410663666021
North Macedonia,MKD,2012,0.3813651741315857
North Macedonia,MKD,2013,0.3624293619518693
North Macedonia,MKD,2014,0.3520543445481174
North Macedonia,MKD,2015,0.3559465911430172
North Macedonia,MKD,2016,0.3453469060847217
North Macedonia,MKD,2017,0.342002030630848
North Macedonia,MKD,2018,0.3296070245478671
Norway,NOR,1979,0.2689475873487844
Norway,NOR,1986,0.2463048297238811
Norway,NOR,1991,0.2522758465385166
Norway,NOR,1995,0.2602053239090985
Norway,NOR,2000,0.2735878525424821
Norway,NOR,2003,0.2762729372891216
Norway,NOR,2004,0.315790769162988
Norway,NOR,2005,0.3059755725168187
Norway,NOR,2006,0.263541735018879
Norway,NOR,2007,0.2709081417669907
Norway,NOR,2008,0.2699653254894942
Norway,NOR,2009,0.2615836863213344
Norway,NOR,2010,0.2572396667411964
Norway,NOR,2011,0.2530036515892792
Norway,NOR,2012,0.2572626088746468
Norway,NOR,2013,0.2636120326508575
Norway,NOR,2014,0.2675262676238922
Norway,NOR,2015,0.2749689569653887
Norway,NOR,2016,0.2849374554946253
Norway,NOR,2017,0.2698733019714263
Norway,NOR,2018,0.2756086233181646
Norway,NOR,2019,0.2774228333486965
Pakistan,PAK,1987,0.3331689732379501
Pakistan,PAK,1990,0.3324866089481644
Pakistan,PAK,1996,0.2866498865557288
Pakistan,PAK,1998,0.3312329272053632
Pakistan,PAK,2001,0.2865302099492093
Pakistan,PAK,2004,0.3088610689880585
Pakistan,PAK,2005,0.3126125379944252
Pakistan,PAK,2007,0.2966950242008342
Pakistan,PAK,2010,0.2878086383231298
Pakistan,PAK,2011,0.2969795699158644
Pakistan,PAK,2013,0.2952857307972767
Pakistan,PAK,2015,0.3129126582255978
Pakistan,PAK,2018,0.2958926559759773
Palestine,PSE,2004,0.3404466053365624
Palestine,PSE,2005,0.3474262428501234
Palestine,PSE,2006,0.3395928280785976
Palestine,PSE,2007,0.3560607731905985
Palestine,PSE,2009,0.3446397462239946
Palestine,PSE,2010,0.3529443247019245
Palestine,PSE,2011,0.3441523749943733
Palestine,PSE,2016,0.3369004051320636
Panama,PAN,1979,0.4874014232833994
Panama,PAN,1989,0.5890770975320879
Panama,PAN,1991,0.5821961737501806
Panama,PAN,1995,0.5781122485153949
Panama,PAN,1997,0.5823172860772707
Panama,PAN,1998,0.5748083640183116
Panama,PAN,1999,0.5645577689467092
Panama,PAN,2000,0.5663901582580795
Panama,PAN,2001,0.5674528042752471
Panama,PAN,2002,0.5610197557862507
Panama,PAN,2003,0.5566278822928873
Panama,PAN,2004,0.5478012519103067
Panama,PAN,2005,0.5381147030346631
Panama,PAN,2006,0.5464540243627352
Panama,PAN,2007,0.5268925913488975
Panama,PAN,2008,0.5269338364776662
Panama,PAN,2009,0.5177117253897582
Panama,PAN,2010,0.5160976183841732
Panama,PAN,2011,0.5134831487183772
Panama,PAN,2012,0.5173995612001872
Panama,PAN,2013,0.5145719500333703
Panama,PAN,2014,0.504668693169575
Panama,PAN,2015,0.5080666314561102
Panama,PAN,2016,0.5040773378206999
Panama,PAN,2017,0.4988850259167593
Panama,PAN,2018,0.4921247336244875
Panama,PAN,2019,0.4983833602790184
Papua New Guinea,PNG,1996,0.4577135256104663
Papua New Guinea,PNG,2009,0.4185078829357139
Paraguay,PRY,1990,0.4083934341849112
Paraguay,PRY,1995,0.5815903937444257
Paraguay,PRY,1997,0.548924318209669
Paraguay,PRY,1999,0.5457746515399158
Paraguay,PRY,2001,0.5462930095224803
Paraguay,PRY,2002,0.5727629008419797
Paraguay,PRY,2003,0.549383523264062
Paraguay,PRY,2004,0.5226281358713497
Paraguay,PRY,2005,0.5138179211117202
Paraguay,PRY,2006,0.5299548862033148
Paraguay,PRY,2007,0.530412062951908
Paraguay,PRY,2008,0.5070475213203498
Paraguay,PRY,2009,0.4914576218119505
Paraguay,PRY,2010,0.5098243768628754
Paraguay,PRY,2011,0.523099315700827
Paraguay,PRY,2012,0.4763356303104287
Paraguay,PRY,2013,0.4793603119212047
Paraguay,PRY,2014,0.5070264499777732
Paraguay,PRY,2015,0.4760590928201872
Paraguay,PRY,2016,0.4789971774503212
Paraguay,PRY,2017,0.485474928510146
Paraguay,PRY,2018,0.4595510185938908
Paraguay,PRY,2019,0.4565063751375772
Paraguay,PRY,2020,0.4348194399066174
Peru,PER,1985,0.4563498240253612
Peru,PER,1994,0.4402398865397727
Peru,PER,1997,0.5325936388742041
Peru,PER,1998,0.5512151830251443
Peru,PER,1999,0.5482889232429659
Peru,PER,2000,0.4907336327805885
Peru,PER,2001,0.5130633346979149
Peru,PER,2002,0.5356592289403113
Peru,PER,2003,0.5308132749224508
Peru,PER,2004,0.4988085038060464
Peru,PER,2005,0.5045135662734148
Peru,PER,2006,0.5033285748582363
Peru,PER,2007,0.5002204079292047
Peru,PER,2008,0.4748733791288847
Peru,PER,2009,0.4700658072240198
Peru,PER,2010,0.455379255679138
Peru,PER,2011,0.4466015186455083
Peru,PER,2012,0.4444040867027129
Peru,PER,2013,0.4388289662627358
Peru,PER,2014,0.4313922532041939
Peru,PER,2015,0.4335640012823588
Peru,PER,2016,0.4363925620759807
Peru,PER,2017,0.4329279002664619
Peru,PER,2018,0.4238764789835111
Peru,PER,2019,0.4156278463518366
Peru,PER,2020,0.4379413696975234
Philippines,PHL,1985,0.4103743554912078
Philippines,PHL,1988,0.4074626741496264
Philippines,PHL,1991,0.4382355142336644
Philippines,PHL,1994,0.4288838747018618
Philippines,PHL,1997,0.4596220753309074
Philippines,PHL,2000,0.4279947242005685
Philippines,PHL,2003,0.4149465784544365
Philippines,PHL,2006,0.428588396076737
Philippines,PHL,2009,0.4176033847577143
Philippines,PHL,2012,0.4222432950474153
Philippines,PHL,2015,0.4035149924050956
Philippines,PHL,2018,0.3781170617851155
Poland,POL,1985,0.2516496620900249
Poland,POL,1986,0.2798454202492501
Poland,POL,1987,0.255251277875943
Poland,POL,1989,0.2689247240566751
Poland,POL,1992,0.2929856291374624
Poland,POL,1993,0.2669889851729618
Poland,POL,1995,0.3464472110732786
Poland,POL,1996,0.326554204897728
Poland,POL,1998,0.3231873908220788
Poland,POL,1999,0.3259037040527716
Poland,POL,2000,0.3296553694310928
Poland,POL,2001,0.3284902632204436
Poland,POL,2002,0.3405020591770905
Poland,POL,2003,0.3491133370312772
Poland,POL,2004,0.3542606082528734
Poland,POL,2005,0.3449257930325508
Poland,POL,2006,0.3370911610510996
Poland,POL,2007,0.3350893890687124
Poland,POL,2008,0.3371704204205816
Poland,POL,2009,0.3357808903813624
Poland,POL,2010,0.3321883360584667
Poland,POL,2011,0.3277634344074294
Poland,POL,2012,0.3239127715274414
Poland,POL,2013,0.3254952035893118
Poland,POL,2014,0.3208015384598016
Poland,POL,2015,0.318235288736685
Poland,POL,2016,0.3079634761406324
Poland,POL,2017,0.3029658132299095
Poland,POL,2018,0.3114104860909654
Poland,POL,2019,0.3023947236495212
Portugal,PRT,2003,0.3877535169440104
Portugal,PRT,2004,0.38938836184172
Portugal,PRT,2005,0.384800724074047
Portugal,PRT,2006,0.3806077986968299
Portugal,PRT,2007,0.3675018319423768
Portugal,PRT,2008,0.3663415096864779
Portugal,PRT,2009,0.349074152093108
Portugal,PRT,2010,0.3584467048370872
Portugal,PRT,2011,0.3634467741802836
Portugal,PRT,2012,0.3603479237580413
Portugal,PRT,2013,0.3618710435868761
Portugal,PRT,2014,0.3556217280605046
Portugal,PRT,2015,0.355233023348952
Portugal,PRT,2016,0.3519051831355122
Portugal,PRT,2017,0.3380384116138792
Portugal,PRT,2018,0.3349256255753483
Portugal,PRT,2019,0.3276274723608108
Romania,ROU,1989,0.2330730338954192
Romania,ROU,1992,0.2546172793114104
Romania,ROU,1994,0.2820058252085121
Romania,ROU,1995,0.3115802591632973
Romania,ROU,1997,0.305044267976823
Romania,ROU,1998,0.3108324013382399
Romania,ROU,1999,0.2941766787499319
Romania,ROU,2000,0.2932386375143516
Romania,ROU,2001,0.2942905880046684
Romania,ROU,2002,0.3022993890663247
Romania,ROU,2003,0.299112871695495
Romania,ROU,2004,0.3003937206153244
Romania,ROU,2005,0.2981939127574521
Romania,ROU,2006,0.3046429641514525
Romania,ROU,2007,0.3020728975630145
Romania,ROU,2008,0.2958381150128336
Romania,ROU,2009,0.2818934636147026
Romania,ROU,2010,0.2815823775748283
Romania,ROU,2011,0.2721151985334068
Romania,ROU,2012,0.2733423763804716
Romania,ROU,2013,0.274506993151125
Romania,ROU,2014,0.3601153965450384
Romania,ROU,2015,0.3591389061710718
Romania,ROU,2016,0.2834570482756307
Romania,ROU,2017,0.3601682788220033
Romania,ROU,2018,0.2878286630772367
Romania,ROU,2019,0.3480420009767005
Russia,RUS,1993,0.4837573791285298
Russia,RUS,1996,0.4610346332317642
Russia,RUS,1997,0.3840923338660059
Russia,RUS,1998,0.3813703948798695
Russia,RUS,1999,0.3744344396854352
Russia,RUS,2000,0.3709282925087551
Russia,RUS,2001,0.369251149392524
Russia,RUS,2002,0.3728382979310529
Russia,RUS,2003,0.3997157009638441
Russia,RUS,2004,0.403158421664167
Russia,RUS,2005,0.4126560555606099
Russia,RUS,2006,0.4095095052990708
Russia,RUS,2007,0.4227247301300453
Russia,RUS,2008,0.4156858509258975
Russia,RUS,2009,0.3984560089435569
Russia,RUS,2010,0.3954897759829827
Russia,RUS,2011,0.3974931440720013
Russia,RUS,2012,0.4071482692350806
Russia,RUS,2013,0.4088442434925359
Russia,RUS,2014,0.3988122189329656
Russia,RUS,2015,0.3774084155026237
Russia,RUS,2016,0.3684849933580647
Russia,RUS,2017,0.3723907096459149
Russia,RUS,2018,0.3747300623276349
Russia,RUS,2019,0.376914373493935
Russia,RUS,2020,0.3602980921663823
Rwanda,RWA,2000,0.4854727262685334
Rwanda,RWA,2005,0.5203941415445974
Rwanda,RWA,2010,0.4722241391022059
Rwanda,RWA,2013,0.4511283185925631
Rwanda,RWA,2016,0.4371004775710726
Rwanda - rural,,1984,0.2889859485975821
Saint Lucia,LCA,1995,0.4258438063649697
Saint Lucia,LCA,2016,0.5123330781386317
Samoa,WSM,2002,0.4073551967869282
Samoa,WSM,2008,0.4204654858949941
Samoa,WSM,2013,0.3873180976093429
Sao Tome and Principe,STP,2000,0.3212589349646021
Sao Tome and Principe,STP,2010,0.3082126903380406
Sao Tome and Principe,STP,2017,0.407495920046912
Senegal,SEN,1991,0.5413735851445636
Senegal,SEN,1994,0.4144071198514567
Senegal,SEN,2001,0.4122943555680159
Senegal,SEN,2005,0.3922228187854656
Senegal,SEN,2011,0.4028522509477501
Senegal,SEN,2018,0.3812247243714418
Serbia,SRB,2002,0.3274375341454169
Serbia,SRB,2003,0.3282897702973938
Serbia,SRB,2004,0.3547364958589841
Serbia,SRB,2005,0.3646042331619998
Serbia,SRB,2006,0.2972947896859018
Serbia,SRB,2007,0.2870669932974048
Serbia,SRB,2008,0.2756142113766773
Serbia,SRB,2009,0.2797414927715403
Serbia,SRB,2010,0.2901660527125217
Serbia,SRB,2012,0.3992465865803568
Serbia,SRB,2013,0.2901711378407903
Serbia,SRB,2014,0.4049414497713779
Serbia,SRB,2015,0.2851573608617739
Serbia,SRB,2016,0.3883249686323298
Serbia,SRB,2017,0.3615189693594668
Serbia,SRB,2018,0.3035105750536732
Serbia,SRB,2019,0.2895324609279349
Seychelles,SYC,1999,0.4277669103919393
Seychelles,SYC,2006,0.4276761658445019
Seychelles,SYC,2013,0.4682278790821791
Seychelles,SYC,2018,0.3212531971098883
Sierra Leone,SLE,2003,0.4016773200047254
Sierra Leone,SLE,2011,0.3403023931617639
Sierra Leone,SLE,2018,0.3569017755923102
Slovakia,SVK,1992,0.2018657811939966
Slovakia,SVK,1996,0.2627768528817188
Slovakia,SVK,2004,0.2893738847445318
Slovakia,SVK,2005,0.2983442504089323
Slovakia,SVK,2006,0.27709510186275
Slovakia,SVK,2007,0.2800483364421787
Slovakia,SVK,2008,0.2687439580885755
Slovakia,SVK,2009,0.2601609669790193
Slovakia,SVK,2010,0.2731571993554628
Slovakia,SVK,2011,0.2653837833459055
Slovakia,SVK,2012,0.2611629567378295
Slovakia,SVK,2013,0.2808620880814291
Slovakia,SVK,2014,0.2610663498222747
Slovakia,SVK,2015,0.2649165693807379
Slovakia,SVK,2016,0.2516774668139762
Slovakia,SVK,2017,0.2323775095337611
Slovakia,SVK,2018,0.2497014747752156
Slovakia,SVK,2019,0.2323232449754634
Slovenia,SVN,1987,0.2359836985233234
Slovenia,SVN,1993,0.2918499251551616
Slovenia,SVN,1997,0.2412150077012468
Slovenia,SVN,1998,0.2840668340982092
Slovenia,SVN,1999,0.240428865845553
Slovenia,SVN,2002,0.2912161062763577
Slovenia,SVN,2003,0.3086602284751246
Slovenia,SVN,2004,0.2479073844829589
Slovenia,SVN,2005,0.2463486319363992
Slovenia,SVN,2006,0.243639268160672
Slovenia,SVN,2007,0.2435475319189812
Slovenia,SVN,2008,0.2371801896351165
Slovenia,SVN,2009,0.2478773525866067
Slovenia,SVN,2010,0.2493325952981786
Slovenia,SVN,2011,0.2486803368145231
Slovenia,SVN,2012,0.2558550226177477
Slovenia,SVN,2013,0.2624110437602677
Slovenia,SVN,2014,0.2565753466099901
Slovenia,SVN,2015,0.2540846455145272
Slovenia,SVN,2016,0.24757935942121
Slovenia,SVN,2017,0.2421930734814625
Slovenia,SVN,2018,0.2463336450390815
Slovenia,SVN,2019,0.2438423243774182
Solomon Islands,SLB,2005,0.4609685211542705
Solomon Islands,SLB,2012,0.3705492697316315
Somalia,SOM,2017,0.3682240512362978
South Africa,ZAF,1993,0.5933393638480529
South Africa,ZAF,2000,0.5776966176070735
South Africa,ZAF,2005,0.6476248863080387
South Africa,ZAF,2008,0.6300899730435641
South Africa,ZAF,2010,0.6338318797190594
South Africa,ZAF,2014,0.6302607272842364
South Korea,KOR,2006,0.3170298418649911
South Korea,KOR,2008,0.3232483259237094
South Korea,KOR,2010,0.3202122456334626
South Korea,KOR,2012,0.3155805166169739
South Korea,KOR,2014,0.3119290458117106
South Korea,KOR,2016,0.3140485646808573
South Sudan,SSD,2009,0.4634066069033974
South Sudan,SSD,2016,0.4414412815221023
Spain,ESP,1980,0.3448354621302908
Spain,ESP,1985,0.3443167425276632
Spain,ESP,1990,0.3202374096881059
Spain,ESP,1995,0.3665411992107588
Spain,ESP,2000,0.3425104550176747
Spain,ESP,2003,0.3180466497223042
Spain,ESP,2004,0.3330529238375526
Spain,ESP,2005,0.3243563868729888
Spain,ESP,2006,0.3354522649419021
Spain,ESP,2007,0.3413883399203714
Spain,ESP,2008,0.3422157251835024
Spain,ESP,2009,0.3492612562751039
Spain,ESP,2010,0.3524683705170985
Spain,ESP,2011,0.3569860433175269
Spain,ESP,2012,0.3540633036321468
Spain,ESP,2013,0.3618516715223185
Spain,ESP,2014,0.3605441354992987
Spain,ESP,2015,0.3618141917496762
Spain,ESP,2016,0.3575989420946042
Spain,ESP,2017,0.3465454688035377
Spain,ESP,2018,0.3471894730060089
Spain,ESP,2019,0.3430583682060838
Sri Lanka,LKA,1985,0.3246785443356632
Sri Lanka,LKA,1990,0.32447432896591
Sri Lanka,LKA,1995,0.3539953909969581
Sri Lanka,LKA,2002,0.4017190631555385
Sri Lanka,LKA,2006,0.3966901941283061
Sri Lanka,LKA,2009,0.3605415245038916
Sri Lanka,LKA,2012,0.3871360847673566
Sri Lanka,LKA,2016,0.3934577335702164
Sudan,SDN,2009,0.3539533699120034
Sudan,SDN,2014,0.3424319710758948
Suriname - urban,,1999,0.5785140393588816
Sweden,SWE,1967,0.3397385672505548
Sweden,SWE,1975,0.2428546953671921
Sweden,SWE,1981,0.2292357328057954
Sweden,SWE,1987,0.2305762699103681
Sweden,SWE,1992,0.2490873346361343
Sweden,SWE,1995,0.2523650559904788
Sweden,SWE,2000,0.2723644183848694
Sweden,SWE,2003,0.2526974636472313
Sweden,SWE,2004,0.2614217437031891
Sweden,SWE,2005,0.2682567589432999
Sweden,SWE,2006,0.2635249277764486
Sweden,SWE,2007,0.2711610523548811
Sweden,SWE,2008,0.2812133563553238
Sweden,SWE,2009,0.2734146969462611
Sweden,SWE,2010,0.2773816077441872
Sweden,SWE,2011,0.2760662244844293
Sweden,SWE,2012,0.2764537942301526
Sweden,SWE,2013,0.2882522062893209
Sweden,SWE,2014,0.2838972273945099
Sweden,SWE,2015,0.2921019079394952
Sweden,SWE,2016,0.2956217445103507
Sweden,SWE,2017,0.2877460335084788
Sweden,SWE,2018,0.2997418872901206
Sweden,SWE,2019,0.2930557488143821
Switzerland,CHE,1982,0.3600737342131724
Switzerland,CHE,1992,0.3385640810532497
Switzerland,CHE,2000,0.334310551642895
Switzerland,CHE,2002,0.3168673135155866
Switzerland,CHE,2006,0.3391880770536449
Switzerland,CHE,2007,0.3425553477215743
Switzerland,CHE,2008,0.3379469993554607
Switzerland,CHE,2009,0.328558562956287
Switzerland,CHE,2010,0.3255303043163379
Switzerland,CHE,2011,0.3171361852725852
Switzerland,CHE,2012,0.3156712651222328
Switzerland,CHE,2013,0.3246218725588848
Switzerland,CHE,2014,0.325256587142953
Switzerland,CHE,2015,0.3230695715732445
Switzerland,CHE,2016,0.3304245095832953
Switzerland,CHE,2017,0.3267633398191087
Switzerland,CHE,2018,0.3314105099791199
Syria,SYR,1996,0.3516938219417098
Syria,SYR,2003,0.3751460320008767
Taiwan,TWN,1981,0.2996948245392569
Taiwan,TWN,1986,0.2970795581621888
Taiwan,TWN,1991,0.2996780212180384
Taiwan,TWN,1995,0.3132414253442397
Taiwan,TWN,1997,0.3082210639104666
Taiwan,TWN,2000,0.3111147642819535
Taiwan,TWN,2005,0.3217958497927745
Taiwan,TWN,2007,0.321245680720442
Taiwan,TWN,2010,0.332133256866174
Taiwan,TWN,2013,0.324873851979814
Taiwan,TWN,2016,0.3148271564455893
Tajikistan,TJK,1999,0.2954313799429605
Tajikistan,TJK,2003,0.3272269296189065
Tajikistan,TJK,2004,0.336019493375592
Tajikistan,TJK,2007,0.3219161435243549
Tajikistan,TJK,2009,0.3077495443803508
Tajikistan,TJK,2015,0.339957181192798
Tanzania,TZA,1991,0.3529222222530266
Tanzania,TZA,2000,0.373011277500434
Tanzania,TZA,2007,0.4027909686586264
Tanzania,TZA,2011,0.3778314946114351
Tanzania,TZA,2018,0.404912299517734
Thailand,THA,1981,0.452168212614456
Thailand,THA,1988,0.4383859895698665
Thailand,THA,1990,0.452656486304157
Thailand,THA,1992,0.478579578494911
Thailand,THA,1994,0.4347021176113415
Thailand,THA,1996,0.4290492135919429
Thailand,THA,1998,0.4145579468331568
Thailand,THA,1999,0.4309158749671914
Thailand,THA,2000,0.4283366783404213
Thailand,THA,2002,0.4194449593262794
Thailand,THA,2004,0.4254031264032826
Thailand,THA,2006,0.4181903387576553
Thailand,THA,2007,0.3976151643249219
Thailand,THA,2008,0.4028827392424197
Thailand,THA,2009,0.3960126382507482
Thailand,THA,2010,0.394027714251103
Thailand,THA,2011,0.3745903339996366
Thailand,THA,2012,0.3925666918030285
Thailand,THA,2013,0.3784710817138421
Thailand,THA,2014,0.3703266404572573
Thailand,THA,2015,0.3598733274727441
Thailand,THA,2016,0.3689062793540488
Thailand,THA,2017,0.3652875496040849
Thailand,THA,2018,0.3641217335828974
Thailand,THA,2019,0.3485572199931107
Thailand,THA,2020,0.349858159270016
Timor,TLS,2001,0.3593529222877291
Timor,TLS,2007,0.2782331599000894
Timor,TLS,2014,0.2865292638048232
Togo,TGO,2006,0.4221257523333056
Togo,TGO,2011,0.4602058197214786
Togo,TGO,2015,0.4305613941279113
Togo,TGO,2018,0.4235222554473579
Tonga,TON,2000,0.3769017598485278
Tonga,TON,2009,0.3749648784302013
Tonga,TON,2015,0.3758743920849294
Trinidad and Tobago,TTO,1988,0.4260131114990472
Trinidad and Tobago,TTO,1992,0.4027296919497507
Tunisia,TUN,1985,0.4343376640983841
Tunisia,TUN,1990,0.4023511683407151
Tunisia,TUN,1995,0.4165729666718795
Tunisia,TUN,2000,0.4080947817045137
Tunisia,TUN,2005,0.3773338246820257
Tunisia,TUN,2010,0.3580825613937094
Tunisia,TUN,2015,0.3281588249697604
Turkey,TUR,1987,0.4347708473371519
Turkey,TUR,1994,0.4131520239019123
Turkey,TUR,2002,0.4139637781719506
Turkey,TUR,2003,0.4218433812102367
Turkey,TUR,2004,0.4128750800000051
Turkey,TUR,2005,0.4261465629631561
Turkey,TUR,2006,0.3964741265648976
Turkey,TUR,2007,0.3844279897101715
Turkey,TUR,2008,0.3902053996948604
Turkey,TUR,2009,0.3896530913893944
Turkey,TUR,2010,0.3878508030864183
Turkey,TUR,2011,0.4003935479036743
Turkey,TUR,2012,0.4016893689079056
Turkey,TUR,2013,0.4017849788951964
Turkey,TUR,2014,0.4123656292092433
Turkey,TUR,2015,0.4285445765747807
Turkey,TUR,2016,0.4187370477103133
Turkey,TUR,2017,0.4140566673668889
Turkey,TUR,2018,0.418775203427554
Turkey,TUR,2019,0.4190910867806379
Turkmenistan,TKM,1998,0.4080692740324234
Tuvalu,TUV,2010,0.3913903338155152
Uganda,UGA,1989,0.4436271750863471
Uganda,UGA,1992,0.4142936038819265
Uganda,UGA,1996,0.3904371856881968
Uganda,UGA,1999,0.4300375426488476
Uganda,UGA,2002,0.4517232583789925
Uganda,UGA,2005,0.4294473991779308
Uganda,UGA,2009,0.44195559305551
Uganda,UGA,2012,0.4100996667026966
Uganda,UGA,2016,0.4275369263085522
Uganda,UGA,2019,0.4270545381163759
Ukraine,UKR,1992,0.2970892138221591
Ukraine,UKR,1993,0.2892698360212953
Ukraine,UKR,1995,0.3928753613356004
Ukraine,UKR,1996,0.3515594730695413
Ukraine,UKR,1999,0.2896146437260827
Ukraine,UKR,2002,0.2904569549633075
Ukraine,UKR,2003,0.2866489363144984
Ukraine,UKR,2004,0.2893401644071928
Ukraine,UKR,2005,0.2902071358338617
Ukraine,UKR,2006,0.2979439228788761
Ukraine,UKR,2007,0.2701268645092793
Ukraine,UKR,2008,0.2663823016482357
Ukraine,UKR,2009,0.2531666367109809
Ukraine,UKR,2010,0.248189755857085
Ukraine,UKR,2011,0.2455184384758182
Ukraine,UKR,2012,0.2474065688785255
Ukraine,UKR,2013,0.2455498554343047
Ukraine,UKR,2014,0.2402536590667309
Ukraine,UKR,2015,0.2545754032542647
Ukraine,UKR,2016,0.2500220300102461
Ukraine,UKR,2017,0.2604904909096702
Ukraine,UKR,2018,0.2607148570748786
Ukraine,UKR,2019,0.2661946628806806
Ukraine,UKR,2020,0.2562736131230022
United Arab Emirates,ARE,2013,0.325104208912459
United Kingdom,GBR,1969,0.3367242529264065
United Kingdom,GBR,1974,0.2997723509831714
United Kingdom,GBR,1979,0.2842722217537883
United Kingdom,GBR,1986,0.3188546724538292
United Kingdom,GBR,1991,0.3592740026813792
United Kingdom,GBR,1994,0.3597892288742413
United Kingdom,GBR,1995,0.3551664014430928
United Kingdom,GBR,1996,0.3529524050035924
United Kingdom,GBR,1997,0.3573516441708502
United Kingdom,GBR,1998,0.3662147273321302
United Kingdom,GBR,1999,0.3678377930526443
United Kingdom,GBR,2000,0.3961013491875036
United Kingdom,GBR,2001,0.3790337092919997
United Kingdom,GBR,2002,0.3571945818749166
United Kingdom,GBR,2003,0.3550405422217986
United Kingdom,GBR,2004,0.3600150216803262
United Kingdom,GBR,2005,0.3427326706732752
United Kingdom,GBR,2006,0.3460893714125858
United Kingdom,GBR,2007,0.3569761240088487
United Kingdom,GBR,2008,0.3414246721224758
United Kingdom,GBR,2009,0.3426995284572202
United Kingdom,GBR,2010,0.3438993366694147
United Kingdom,GBR,2011,0.3316524521135301
United Kingdom,GBR,2012,0.3234509715110732
United Kingdom,GBR,2013,0.3320897320953346
United Kingdom,GBR,2014,0.3404892654101576
United Kingdom,GBR,2015,0.3323508077715679
United Kingdom,GBR,2016,0.3477961481368022
United Kingdom,GBR,2017,0.3514883070472958
United States,USA,1974,0.353434655991114
United States,USA,1979,0.345001938467581
United States,USA,1986,0.3735150959756028
United States,USA,1991,0.380459151442457
United States,USA,1992,0.3837388297199866
United States,USA,1993,0.4036454272110815
United States,USA,1994,0.3998680362536612
United States,USA,1995,0.398549953293575
United States,USA,1996,0.403097323788337
United States,USA,1997,0.40525717996374
United States,USA,1998,0.3995361015543112
United States,USA,1999,0.3998582037963113
United States,USA,2000,0.4014068509559928
United States,USA,2001,0.4059678130151609
United States,USA,2002,0.4035444629434347
United States,USA,2003,0.4077259121851369
United States,USA,2004,0.4025335389437156
United States,USA,2005,0.4096536955194142
United States,USA,2006,0.4139857598883323
United States,USA,2007,0.4079856738565691
United States,USA,2008,0.4081219270810414
United States,USA,2009,0.4061081361643418
United States,USA,2010,0.4001071302483324
United States,USA,2011,0.4093711251638832
United States,USA,2012,0.4093686137107664
United States,USA,2013,0.4065201194217035
United States,USA,2014,0.4151160601594922
United States,USA,2015,0.4123877761737015
United States,USA,2016,0.4112188598471499
United States,USA,2017,0.4118055869829951
United States,USA,2018,0.41407843639923
United States,USA,2019,0.4153556687464651
Uruguay,URY,2006,0.4594159019339939
Uruguay,URY,2007,0.464051328125742
Uruguay,URY,2008,0.4508177986924139
Uruguay,URY,2009,0.4554168166082925
Uruguay,URY,2010,0.4447501635216661
Uruguay,URY,2011,0.4217531761728573
Uruguay,URY,2012,0.3990057247243365
Uruguay,URY,2013,0.4045091104485787
Uruguay,URY,2014,0.4011108260530498
Uruguay,URY,2015,0.4012876988874804
Uruguay,URY,2016,0.396955003207192
Uruguay,URY,2017,0.394645312345203
Uruguay,URY,2018,0.3968723978027348
Uruguay,URY,2019,0.3967654504663943
Uruguay,URY,2020,0.4015214359279303
Uruguay - urban,,1981,0.436454285030306
Uruguay - urban,,1989,0.4236935952727184
Uruguay - urban,,1992,0.4146813710781241
Uruguay - urban,,1995,0.4092667899170488
Uruguay - urban,,1996,0.4075139482284209
Uruguay - urban,,1997,0.4145677292826931
Uruguay - urban,,1998,0.4248239859335483
Uruguay - urban,,2000,0.42905604033667
Uruguay - urban,,2001,0.4500768431916101
Uruguay - urban,,2002,0.4554437539554081
Uruguay - urban,,2003,0.45033832444377
Uruguay - urban,,2004,0.4588115491144749
Uruguay - urban,,2005,0.4472780230080431
Uzbekistan,UZB,1998,0.4467317365375104
Uzbekistan,UZB,2000,0.361028142284595
Uzbekistan,UZB,2002,0.3304368094327123
Uzbekistan,UZB,2003,0.3526879727074721
Vanuatu,VUT,2010,0.3735129824939556
Vanuatu,VUT,2019,0.3231757475757548
Venezuela,VEN,1981,0.5560986209485397
Venezuela,VEN,1987,0.5344796897182857
Venezuela,VEN,1989,0.4383827592714644
Venezuela,VEN,1992,0.4210354919119394
Venezuela,VEN,1995,0.4721225826023927
Venezuela,VEN,1998,0.4806378205475123
Venezuela,VEN,1999,0.4776228831344122
Venezuela,VEN,2001,0.4723142128671435
Venezuela,VEN,2002,0.4901341403345185
Venezuela,VEN,2003,0.481023204556223
Venezuela,VEN,2004,0.4750412488890118
Venezuela,VEN,2005,0.4945917706284364
Venezuela,VEN,2006,0.447704983209008
Vietnam,VNM,1992,0.3565455877333817
Vietnam,VNM,1997,0.3544220746396057
Vietnam,VNM,2002,0.3702962423899708
Vietnam,VNM,2004,0.3678583066648797
Vietnam,VNM,2006,0.3578861558244516
Vietnam,VNM,2008,0.355703125332213
Vietnam,VNM,2010,0.392527247820533
Vietnam,VNM,2012,0.3564588639173441
Vietnam,VNM,2014,0.3475537549653075
Vietnam,VNM,2016,0.352667388835896
Vietnam,VNM,2018,0.3571554605834283
Yemen,YEM,1998,0.3499778644621377
Yemen,YEM,2005,0.3473233432870135
Yemen,YEM,2014,0.3670709434270193
Zambia,ZMB,1991,0.6050619139217872
Zambia,ZMB,1993,0.5260861190802784
Zambia,ZMB,1996,0.4833368255944599
Zambia,ZMB,1998,0.4913377623152702
Zambia,ZMB,2002,0.42061926111872
Zambia,ZMB,2004,0.5429478133845274
Zambia,ZMB,2006,0.546175053117021
Zambia,ZMB,2010,0.5562149115337796
Zambia,ZMB,2015,0.5713605842336404
Zimbabwe,ZWE,2011,0.4315357508988643
Zimbabwe,ZWE,2017,0.4433708207555918
Zimbabwe,ZWE,2019,0.5025645104555668